Drug,y_true,logit,prob,pred_mcc,pred_prev
O=C(O)CCCCCNC(=O)c1ccncc1,0.0,-0.661,0.3403,0,0
Cc1cc(C)nc(NC(=O)CCCC(=O)O)c1,0.0,-1.38,0.2009,0,0
CCCCC(=O)NC(Nc1cc(C)ccn1)(C(=O)OCC)C(F)(F)F,0.0,-0.9844,0.272,0,0
CCOC(=O)c1cccc(C(=O)OCC)n1,0.0,-0.6323,0.347,0,0
NNC(=O)Cc1cccnc1,0.0,-0.2737,0.4321,0,0
Cc1ncc(CO)c(CN)c1O,0.0,1.951,0.875,0,0
Cc1ncc(COP(=O)(O)O)c(C)c1O,0.0,-1.046,0.26,0,0
CN(C)CCNc1ccccn1,0.0,-0.07385,0.4817,0,0
CCN(CC(=O)O)C(=O)c1cccnc1,0.0,-0.61,0.352,0,0
CCc1ccc(CCC(=O)O)nc1,0.0,-1.47,0.187,0,0
CN(C)CCCc1cccnc1,0.0,1.275,0.7817,0,0
CC(C)CNCCc1ccccn1,0.0,2.11,0.892,0,0
CC(C)C(=O)C(C)(C)CCc1ccccn1,0.0,-0.4756,0.3833,0,0
CN(C)CCC(C(=O)C(C)(C)C)c1ccccn1,0.0,1.832,0.862,0,0
N=C(N)SCCc1ccccn1,0.0,3.508,0.9707,1,1
N=C(N)SCCc1ccncc1,0.0,3.475,0.9697,1,1
O=C(O)C(O)Cc1ccccn1,0.0,-1.097,0.2505,0,0
C[N+](C)(C)CC(=O)NN=Cc1ccncc1,0.0,-0.2057,0.4487,0,0
OCCCNCc1ccccn1,0.0,-0.3303,0.4182,0,0
OCCCNCc1ccncc1,0.0,-0.274,0.4316,0,0
O=C(O)Cc1cccnc1,0.0,-0.9883,0.2712,0,0
CN(C)Cc1ccc(O)c(CN(C)C)n1,0.0,0.2605,0.565,0,0
CN(CCO)Cc1ncccc1O,0.0,-0.3618,0.4106,0,0
NCCOc1ccccn1,0.0,-0.4524,0.3887,0,0
CC(=O)CSCc1ccccn1,0.0,-0.2612,0.435,0,0
O=C(O)CSc1ncccc1[N+](=O)[O-],0.0,-1.163,0.2382,0,0
O=C(O)C=CC(=O)Nc1ccccn1,0.0,-0.4849,0.3809,0,0
O=C(NCP(=O)(O)O)c1cccnc1,0.0,0.0239,0.506,0,0
CN(C)CC(CN(C)C)c1ccccn1,0.0,1.711,0.847,0,0
O=C(O)c1ccncc1,0.0,-0.918,0.2854,0,0
OCc1ccncc1,1.0,-0.3943,0.4026,0,0
CN(C)S(=O)(=O)Nc1ccccn1,0.0,-1.367,0.2031,0,0
NC([N-]N=Cc1ccccn1)=S=[Fe],0.0,1.825,0.8613,0,0
CC(C)(C)NCC(O)c1ccc(O)c(CO)n1,0.0,0.7876,0.687,0,0
O=C(O)c1cc(C(=O)O)nc(C(=O)O)c1,0.0,-1.355,0.205,0,0
CCOC(=O)CCCNC(=O)c1cncc(Br)c1,0.0,-0.8203,0.3057,0,0
CCCCCC=CCC(O)C=Cc1cccc(CC(O)CCCCO)n1,0.0,3.234,0.9624,1,1
Cc1ncc(CO)c(CO)c1O,0.0,0.4905,0.62,0,0
CNCCc1ccccn1,0.0,1.065,0.7437,0,0
O=C(O)Cc1cccnc1C(=O)O,0.0,-1.509,0.1812,0,0
CC(=O)OCCNC(=O)c1cccnc1,0.0,-0.6104,0.352,0,0
Cc1ccnc(N)c1,0.0,-0.5625,0.363,0,0
OC(Cc1ccncc1)C(Cl)(Cl)Cl,0.0,-0.634,0.3467,0,0
O=C(NCCO[N+](=O)[O-])c1cccnc1,0.0,-0.783,0.3137,0,0
CCCSc1nc(C)cc(C)c1C(N)=O,0.0,-1.099,0.25,0,0
Cc1cc(C)c(C#N)c(SCC(=O)C(C)(C)C)n1,0.0,-0.7393,0.3232,0,0
CCOC(=O)CNC(=O)c1cccnc1,0.0,-0.647,0.3435,0,0
CCC(C)C(NC(=O)NCc1ccccn1)C(=O)OC,0.0,-0.569,0.3616,0,0
COC(=O)CSc1nc(C)cc(C(F)(F)F)c1C#N,0.0,-1.011,0.2668,0,0
CC(C)=CC(=O)OCC(=O)Nc1ncc(Cl)c(C)c1Cl,0.0,-1.304,0.2135,0,0
CC(C)(C)NC(=O)COC(=O)c1cncc(Br)c1,0.0,-1.037,0.2617,0,0
CCOC(=O)c1cncc(C(=O)O)c1,0.0,-0.797,0.3108,0,0
CC(=O)Nc1ccc([N+](=O)[O-])cn1,0.0,-0.515,0.374,0,0
N#Cc1cc([N+](=O)[O-])cnc1NCC(O)CO,0.0,-1.416,0.1953,0,0
CC(=O)NNc1cccc(Cl)n1,0.0,-0.53,0.3704,0,0
CN(NC(=O)NN)c1ncc(C(F)(F)F)cc1Cl,0.0,-0.9746,0.274,0,0
CCOC(=O)C(C(=O)N(C)C)c1ncc(C(F)(F)F)cc1Cl,0.0,-1.392,0.1992,0,0
C=CCC(C(=O)OC)(C(=O)OC)c1ccc([N+](=O)[O-])cn1,0.0,0.4558,0.6123,0,0
COC(=O)C(C)(C(=O)OC)c1ccc([N+](=O)[O-])cn1,0.0,0.422,0.604,0,0
CCCCCCCCC(=O)NN=Cc1ccccn1,0.0,-0.395,0.4026,0,0
CCOC(=O)C(=CNc1ncccc1C)C(=O)OCC,1.0,-0.0969,0.4758,0,0
CC(Oc1ccc(-c2ccccc2)cc1)C(=O)O,0.0,-1.288,0.2162,0,0
O=[N+]([O-])c1cc(-c2ccc([As](=O)(O)O)cc2)ccc1[As](=O)(O)O,0.0,-0.572,0.3608,0,0
C[N+](C)([O-])Cc1cc(-c2ccccc2)ccc1O,0.0,2.344,0.9126,0,0
NC(N)=Nc1ccc(-c2ccc(N=C(N)N)cc2)cc1,0.0,1.543,0.8237,0,0
O=C(O)C(Cc1ccccc1-c1ccccc1)C(=O)O,0.0,-1.505,0.1816,0,0
NS(=O)(=O)c1ccc(-c2ccc([As](=O)(O)O)cc2)cc1,0.0,-0.517,0.3738,0,0
CN(C)Cc1cc(C(C)(C)C)ccc1-c1ccc(C(C)(C)C)cc1CN(C)C,0.0,3.318,0.9653,1,1
CN(C)Cc1ccc(C(C)(C)C)cc1-c1cc(C(C)(C)C)ccc1CN(C)C,0.0,3.328,0.9653,1,1
Cc1cc(-c2cc(C)c(O)c(C(C)(C)C)c2)cc(C(C)(C)C)c1O,0.0,0.6143,0.649,0,0
NC(Cc1cccc(-c2ccccc2CP(=O)(O)O)c1)C(=O)O,0.0,-0.674,0.3376,0,0
NC(Cc1cc(CP(=O)(O)O)cc(-c2ccccc2Cl)c1)C(=O)O,0.0,-0.788,0.3125,0,0
NC(Cc1cc(-c2ccc(Cl)cc2Cl)cc(CP(=O)(O)O)c1O)C(=O)O,0.0,-0.4578,0.3877,0,0
COC(=O)c1cc(OC)ccc1-c1ccc(OC)cc1,1.0,0.45,0.611,0,0
O=C(O)c1ccccc1-c1ccccc1C(=O)NCCCO,0.0,-1.434,0.1925,0,0
CC(O)CNCc1ccc(-c2ccccc2)cc1,1.0,3.049,0.954,1,1
O=C(O)C=CC(=O)Nc1ccccc1-c1ccccc1,0.0,-1.313,0.2119,0,0
CCN(CC)S(=O)(=O)c1cccc2c(N(C)C)cccc12,0.0,0.848,0.7,0,0
O=S(=O)(O)CCCc1cccc2ccccc12,0.0,-0.8315,0.3032,0,0
O=C(O)CCCc1ccc2ccccc2c1,0.0,-0.9463,0.2795,0,0
O=C(O)CCC(=O)Nc1ccc2ccccc2c1,0.0,-0.1016,0.4746,0,0
Nc1c(OCC(=O)O)ccc2cc(S(=O)(=O)O)ccc12,0.0,-1.061,0.257,0,0
CN(C)CC(O)c1ccc(Cl)c2ccccc12,0.0,2.326,0.911,0,0
COc1ccc(C(=O)CCN(C)C)c2ccccc12,0.0,2.273,0.907,0,0
Nc1cc(S(=O)(=O)O)cc2ccc(S(=O)(=O)O)cc12,0.0,-1.17,0.2368,0,0
COc1ccc2cc(C(=O)CCC(=O)O)ccc2c1,0.0,-1.367,0.2031,0,0
C[N+](C)(C)CC(=O)NN=Cc1c(O)ccc2ccccc12,0.0,1.365,0.7964,0,0
N=C(N)SCc1ccc(Cl)c2ccccc12,1.0,4.85,0.992,1,1
O=C(O)c1ccc(C(=O)O)c2c(C(=O)O)ccc(C(=O)O)c12,0.0,-1.314,0.2118,0,0
CCC(c1ccc2cc(O)ccc2c1)C(C)(C)C(=O)O,0.0,-1.329,0.2094,0,0
O=C(O)CSCc1cccc2ccccc12,0.0,-1.107,0.2483,0,0
NS(=O)(=O)c1cc(C(=O)O)c(O)c2ccccc12,0.0,-1.26,0.2211,0,0
COc1cc2ccc(C(C)NCC#N)cc2cc1OC,0.0,1.173,0.7637,0,0
O=C(O)Cc1c(O)ccc2ccccc12,0.0,-1.175,0.236,0,0
CC(=O)CC(=O)Nc1ccc2ccccc2c1,0.0,-1.029,0.2632,0,0
N#Cc1c(NC(=O)CCC(=O)O)ccc2ccccc12,0.0,-1.43,0.1932,0,0
NCCCCCCNS(=O)(=O)c1cccc2ccccc12,0.0,3.084,0.956,1,1
NCCCCCCNS(=O)(=O)c1cccc2c(Cl)cccc12,1.0,3.207,0.9614,1,1
NCCCCCCNS(=O)(=O)c1ccc2c(Cl)cccc2c1,1.0,3.336,0.966,1,1
NCCCCCCCCCCNS(=O)(=O)c1cccc2c(Cl)cccc12,1.0,3.49,0.9707,1,1
CCCCCCCNS(=O)(=O)c1cccc2c(Cl)cccc12,0.0,2.057,0.8867,0,0
CC(C)NCC(O)COc1cccc2ccccc12,1.0,3.725,0.976,1,1
OCC(O)COc1cccc2ccccc12,0.0,-0.3813,0.4058,0,0
O=S(=O)(O)c1cccc2c(S(=O)(=O)O)cccc12,0.0,-1.407,0.1967,0,0
COC(=O)CCC(=O)Nc1cccc2ccccc12,0.0,-1.177,0.2357,0,0
CC(C)Oc1ccc2ccccc2c1C=O,0.0,-0.7827,0.3137,0,0
CCCCOC(OCCCC)C(O)CSc1ccc2ccccc2c1,0.0,1.09,0.7485,0,0
CCN(CC)c1ccc2c(Cl)c(Br)c(=O)oc2c1,0.0,1.833,0.862,0,0
O=C(O)c1cc2cc(Cl)ccc2oc1=O,0.0,-1.337,0.2081,0,0
CCOc1cc2c(C)cc(=O)oc2cc1Cl,0.0,-1.169,0.237,0,0
CC(C)OC(=O)c1cc2ccccc2oc1=O,0.0,-1.276,0.218,0,0
[CH2-]C(Cc1cccc2cc(C(=O)O)c(=O)oc12)OC,0.0,-1.565,0.1729,0,0
Cc1cc(=O)oc2c(OS(C)(=O)=O)c(OS(C)(=O)=O)ccc12,0.0,-1.408,0.1964,0,0
Cc1cc(=O)oc2cc(O)c(CN(C)CC(=O)O)cc12,0.0,1.856,0.8647,0,0
CCCCc1cc(=O)oc2cc(OCC(=O)N(CC)CC)ccc12,1.0,-0.5103,0.375,0,0
C=CCc1cccc2cc(C(=O)N(CC)CC)c(=O)oc12,0.0,-0.4343,0.3933,0,0
O=Nc1ccc2oc(=O)ccc2c1,1.0,-0.9106,0.2869,0,0
Cc1cc(=O)oc2cc(O)ccc12,0.0,-0.8496,0.2996,0,0
COc1cc2ccc(=O)oc2cc1O,0.0,-1.119,0.2461,0,0
O=c1ccc2cc(O)c(O)cc2o1,0.0,-0.9155,0.286,0,0
CC(=O)Nc1cc2ccccc2oc1=O,0.0,-0.402,0.4006,0,0
CC(=O)c1cc2ccccc2oc1=O,0.0,-1.15,0.2404,0,0
CCCCNc1cc(=O)oc2ccccc12,0.0,1.65,0.839,0,0
CCN(CC)c1ccc2cc(C(C)=O)c(=O)oc2c1,0.0,2.68,0.936,0,0
CCN(CC)c1ccc2c(Cl)cc(=O)oc2c1,1.0,1.142,0.758,0,0
CC(=O)COc1ccc2c(C)c(C)c(=O)oc2c1,0.0,-1.043,0.2605,0,0
CC(=O)Nc1c(NC(C)C)c2ccccc2oc1=O,0.0,-0.845,0.3005,0,0
Cc1cc(=O)oc2cc(NC(=O)CCC(=O)O)ccc12,0.0,-1.318,0.2112,0,0
COc1ccc(CNc2ncnc3ccc(-c4ccccc4CN(C)C)cc23)c(OC)c1,1.0,5.105,0.994,1,1
COc1cccc(-c2ccc3ncnc(NCc4ccccc4)c3c2)c1,1.0,4.465,0.9883,1,1
COc1ccc(CNc2ncnc3ccc(-c4cccc(C#N)c4)cc23)c(OC)c1,0.0,4.6,0.99,1,1
Cc1cccc(CNc2ncnc3ccc(-c4ccccc4CN(C)C)cc23)c1,1.0,4.52,0.9893,1,1
Cc1cccc(CNc2ncnc3ccc(-c4cccc(C#N)c4)cc23)c1,0.0,3.766,0.977,1,1
COc1ccc(CNc2ncnc3ccc(-c4ccccc4C#N)cc23)c(OC)c1,0.0,4.69,0.991,1,1
COc1ccc(CNc2ncnc3ccc(-c4ccccc4OC)cc23)c(OC)c1,0.0,5.3,0.995,1,1
N#Cc1ccccc1-c1ccc2ncnc(NCc3ccccc3)c2c1,1.0,4.367,0.9873,1,1
CN(C)Cc1ccccc1-c1ccc2ncnc(NCc3ccccc3)c2c1,1.0,4.63,0.99,1,1
Cc1cccc(CNc2ncnc3ccc(-c4ccccc4C#N)cc23)c1,0.0,4.297,0.9863,1,1
COc1ccccc1CNc1ncnc2ccc(-c3ccccc3CN(C)C)cc12,1.0,4.84,0.992,1,1
COCCn1c(C(=O)N2CCCC2)cc2c1CC1CN(C(=O)c3ccccc3)C(Cc3ccccc3)(C(=O)OC)C21,0.0,2.416,0.9185,0,0
COC(=O)C1(Cc2ccc(OC)cc2)C2c3cc(C(=O)N4CCCC4)n(CCF)c3CC2CN1C(=O)c1ccccc1,0.0,0.82,0.6943,0,0
COC(=O)C1(Cc2ccc(OC)cc2)C2c3cc(C(=O)N4CCCC4)n(CCO)c3CC2CN1C(=O)c1ccccc1,0.0,1.436,0.8076,0,0
COC(=O)C1(Cc2ccccc2)C2c3cc(C(=O)N4CCCC4)n(CCSCCO)c3CC2CN1C(=O)c1ccccc1,0.0,2.959,0.9507,1,0
COC(=O)C1(Cc2ccc(OC)cc2)C2c3cc(C(=O)N4CCCC4)n(CCSCCO)c3CC2CN1C(=O)c1ccccc1,0.0,2.055,0.8867,0,0
COC(=O)C1(Cc2ccc(F)cc2)C2c3cc(C(=O)N4CCCC4)n(CCSCCO)c3CC2CN1C(=O)c1ccccc1,0.0,2.816,0.944,0,0
COC(=O)C1(Cc2ccc(F)cc2)C2c3cc(C(=O)N4CCCC4)n(CC(O)CO)c3CC2CN1C(=O)c1ccccc1,0.0,2.973,0.9517,1,0
COC(=O)C1(Cc2ccccc2)C2c3cc(C(=O)N4CCCC4)[nH]c3CC2CN1C(=O)c1ccccc1,0.0,2.596,0.931,0,0
COC(=O)C1(Cc2ccccc2)C2c3cc(C(=O)N4CCCC4)n(C)c3CC2CN1C(=O)c1ccccc1,0.0,1.139,0.7573,0,0
COC(=O)C1(Cc2ccc(OC)cc2)C2c3cc(C(=O)N4CCCC4)n(CC(O)CO)c3CC2CN1C(=O)c1ccccc1,0.0,1.859,0.8647,0,0
COC(=O)Cn1c(C(=O)N2CCCC2)cc2c1CC1CN(C(=O)c3ccccc3)C(Cc3ccccc3)(C(=O)OC)C21,0.0,1.949,0.875,0,0
COC(=O)C1(Cc2ccccc2)C2c3cc(C(=O)N4CCCC4)n(CCO)c3CC2CN1C(=O)c1ccccc1,0.0,2.303,0.909,0,0
COCCn1c(C(=O)N2CCCC2)cc2c1CC1CN(C(=O)c3ccccc3)C(Cc3ccc(OC)cc3)(C(=O)OC)C21,0.0,2.023,0.8833,0,0
COCCn1c(C(=O)N2CCCC2)cc2c1CC1CN(C(=O)c3ccccc3)C(Cc3ccc(F)cc3)(C(=O)OC)C21,0.0,2.738,0.9395,0,0
COC(=O)C1(Cc2ccc(F)cc2)C2c3cc(C(=O)N4CCCC4)n(CCF)c3CC2CN1C(=O)c1ccccc1,0.0,1.518,0.8203,0,0
COC(=O)C1(Cc2ccc(F)cc2)C2c3cc(C(=O)N4CCCC4)n(CCO)c3CC2CN1C(=O)c1ccccc1,0.0,2.428,0.9194,0,0
COC(=O)Cn1c(C(=O)N2CCCC2)cc2c1CC1CN(C(=O)c3ccccc3)C(Cc3ccc(F)cc3)(C(=O)OC)C21,0.0,1.486,0.8154,0,0
CS(=O)(=O)N1CCC2(CCCN(C(=O)Nc3ccccc3)C2)CC1,0.0,0.933,0.718,0,0
COC(=O)N1CCC2(CCCN(C(=O)Nc3ccccc3)C2)CC1,0.0,0.3235,0.58,0,0
COc1ccc(NC(=O)N2CCCC3(CCN(C(C)=O)CC3)C2)cc1,0.0,0.06683,0.5166,0,0
O=C(Nc1cccc(F)c1)N1CCCC2(CCNCC2)C1,0.0,1.736,0.8506,0,0
CS(=O)(=O)N1CCC2(CCCN(C(=O)Nc3cccc(C#N)c3)C2)CC1,0.0,0.61,0.648,0,0
CS(=O)(=O)N1CCC2(CCCN(C(=O)Nc3cccc(F)c3)C2)CC1,0.0,0.9443,0.72,0,0
COC(=O)N1CCC2(CCCN(C(=O)Nc3cccc(C#N)c3)C2)CC1,0.0,0.4194,0.6035,0,0
COCC(=O)N1CCC2(CCCN(C(=O)Nc3cccc(F)c3)C2)CC1,0.0,-0.4932,0.3792,0,0
COc1ccc(NC(=O)N2CCCC3(CCN(S(C)(=O)=O)CC3)C2)cc1,0.0,-0.05472,0.4863,0,0
CC(=O)N1CCC2(CCCN(C(=O)Nc3cccc(F)c3)C2)CC1,0.0,0.682,0.664,0,0
COC(=O)N1CCC2(CCCN(C(=O)Nc3cccc(F)c3)C2)CC1,0.0,0.2734,0.568,0,0
O=C(Nc1ccccc1)N1CCCC2(CCNCC2)C1,0.0,1.951,0.875,0,0
COCC(=O)N1CCC2(CCCN(C(=O)Nc3ccc(OC)cc3)C2)CC1,0.0,-1.388,0.1998,0,0
COCC(=O)N1CCC2(CCCN(C(=O)Nc3cccc(C#N)c3)C2)CC1,0.0,-1.222,0.2278,0,0
COc1ccc(NC(=O)N2CCCC3(CCNCC3)C2)cc1,0.0,2.082,0.8887,0,0
COCC(=O)N1CCC2(CCCN(C(=O)Nc3ccccc3)C2)CC1,0.0,-0.812,0.3076,0,0
COC(=O)N1CCC2(CCCN(C(=O)Nc3ccc(OC)cc3)C2)CC1,0.0,-0.207,0.4482,0,0
CC(CCC(=O)O)C1CCC2C3CCC4CC(O)CCC4(C)C3CC(O)C12C,0.0,-1.403,0.1973,0,0
CC(CCC(=O)O)C1CCC2C3C(O)CC4CC(O)CCC4(C)C3CC(O)C12C,0.0,-1.445,0.1908,0,0
COC(=O)CCC(C)C1CCC2C3CCC4CC(O)CCC4(C)C3CCC12C,0.0,-1.325,0.2098,0,0
CC(CCC(=O)NN)C1CCC2C3CCC4CC(O)CCC4(C)C3CCC12C,0.0,-1.278,0.2179,0,0
CC(CCC(=O)O)C1CCC2C3CCC4CC(O)CCC4(C)C3CCC12C,0.0,-1.311,0.2123,0,0
CC12CCC3C(CCC4CC(O)CCC43C)C1CCC2O,0.0,-1.489,0.1841,0,0
CC12CCC(O)CC1CCC1C2CCC2(C)C(C(=O)CO)CCC12,0.0,-1.398,0.198,0,0
CC(=O)C1CCC2C3CCC4CC(O)CCC4(C)C3CCC12C,0.0,-1.334,0.2085,0,0
CC(CCC(=O)NCCS(=O)(=O)O)C1CCC2C3C(O)CC4CC(O)CCC4(C)C3CC(O)C12C,0.0,-1.072,0.255,0,0
CC(CCC(=O)O)C1CCC2C3C(O)CC4CC(O)CCC4(C)C3CCC12C,0.0,-1.418,0.195,0,0
CC(CCC(=O)NCC(=O)O)C1CCC2C3C(O)CC4CC(O)CCC4(C)C3CC(O)C12C,0.0,-0.489,0.3801,0,0
CCN1C(=O)C2CCC3C(=NOC)CC(O)C(O)C3C2C1=O,0.0,-1.352,0.2056,0,0
CCOC(=O)CCN1C(=O)C2CCC3C(=NOCC(C)C)CC(O)C(O)C3C2C1=O,0.0,-1.407,0.1967,0,0
CCOC(=O)CCN1C(=O)C2CCC3C(=NOCC=C(C)CCC=C(C)C)CC(O)C(O)C3C2C1=O,0.0,-1.157,0.2393,0,0
C#CCCCON=C1CC(O)C(O)C2C1CCC1C(=O)N(CCC(=O)OCC)C(=O)C12,0.0,-1.128,0.2445,0,0
CCOC(=O)CCN1C(=O)C2CCC3C(=NNC(=O)OCC)CC(O)C(O)C3C2C1=O,0.0,-1.193,0.2328,0,0
CC(C)CON=C1CC(O)C(O)C2C1CCC1C(=O)N(C(C)(C)C)C(=O)C12,0.0,-1.481,0.1852,0,0
CCOC(=O)NN=C1CC(O)C(O)C2C1CCC1C(=O)N(C(C)(C)C)C(=O)C12,0.0,-1.654,0.1605,0,0
CC(C)=CCCC(C)=CCON=C1CC(O)C(O)C2C1CCC1C(=O)N(C(C)(C)C)C(=O)C12,0.0,-1.384,0.2003,0,0
C#CCCCON=C1CC(O)C(O)C2C1CCC1C(=O)N(C(C)(C)C)C(=O)C12,1.0,-0.654,0.3423,0,0
CCN1C(=O)C2CCC3C(=NOCC(C)C)CC(O)C(O)C3C2C1=O,0.0,-1.45,0.19,0,0
CCN1C(=O)C2CCC3C(=NOCC=C(C)CCC=C(C)C)CC(O)C(O)C3C2C1=O,0.0,-1.479,0.1857,0,0
C#CCCCON=C1CC(O)C(O)C2C1CCC1C(=O)N(CC)C(=O)C12,0.0,-1.199,0.2314,0,0
CCOC(=O)NN=C1CC(O)C(O)C2C1CCC1C(=O)N(CC)C(=O)C12,0.0,-1.499,0.1826,0,0
COc1ccc(-c2nc3cnc(Oc4ccccc4)nc3n(C3CC3)c2=O)cc1,0.0,-0.988,0.2712,0,0
O=c1c(-c2ccccc2)nc2cnc(Oc3cccc(Cl)c3)nc2n1C1CC1,0.0,-1.498,0.1827,0,0
O=c1c(-c2ccccc2)nc2cnc(Oc3ccccc3)nc2n1C1CC1,0.0,-1.286,0.2166,0,0
COc1ccc(Oc2ncc3nc(-c4ccccc4)c(=O)n(C4CC4)c3n2)cc1,0.0,-1.082,0.2532,0,0
O=c1c(-c2ccc(F)cc2)nc2cnc(Oc3ccccc3)nc2n1C1CC1,0.0,-1.39,0.1996,0,0
COc1ccc(Oc2ncc3nc(-c4cc(F)cc(F)c4)c(=O)n(C4CC4)c3n2)cc1,0.0,-1.3125,0.212,0,0
O=c1c(-c2ccc(Cl)cc2)nc2cnc(Oc3ccccc3)nc2n1C1CC1,0.0,-1.495,0.1831,0,0
COc1ccc(-c2nc3cnc(Oc4cccc(Cl)c4)nc3n(C3CC3)c2=O)cc1,0.0,-1.437,0.192,0,0
N#Cc1cccc(-c2nc3cnc(Oc4cccc(Cl)c4)nc3n(C3CC3)c2=O)c1,0.0,-1.447,0.1904,0,0
O=c1c(-c2cc(F)cc(F)c2)nc2cnc(Oc3ccccc3)nc2n1C1CC1,0.0,-1.374,0.2019,0,0
COc1ccc(Oc2ncc3nc(-c4ccc(Cl)cc4)c(=O)n(C4CC4)c3n2)cc1,0.0,-1.3955,0.1986,0,0
COc1ccc(Oc2ncc3nc(-c4ccc(OC)cc4)c(=O)n(C4CC4)c3n2)cc1,0.0,-0.6606,0.3403,0,0
COc1ccc(Oc2ncc3nc(-c4ccc(F)cc4)c(=O)n(C4CC4)c3n2)cc1,0.0,-1.372,0.2023,0,0
O=c1c(-c2ccc(F)cc2)nc2cnc(Oc3cccc(Cl)c3)nc2n1C1CC1,0.0,-1.471,0.1869,0,0
CCCCn1nc2cc(C(=O)NCc3ccc(OC(F)(F)F)cc3)ccc2c1OCC,0.0,3.145,0.959,1,1
CCCn1nc2cc(C(=O)NCc3ccc(C)cc3)ccc2c1OC,0.0,3.16,0.9595,1,1
CCOc1c2ccc(C(=O)NCc3ccccc3OC)cc2nn1CC,0.0,2.395,0.9165,0,0
CCCCn1nc2cc(C(=O)NCc3ccc(C(F)(F)F)cc3C(F)(F)F)ccc2c1OCC,0.0,1.086,0.7476,0,0
CCCn1nc2cc(C(=O)NCc3ccc(C)cc3)ccc2c1OCC,0.0,3.254,0.9624,1,1
COCCn1nc2cc(C(=O)NCc3cc(C(F)(F)F)cc(C(F)(F)F)c3)ccc2c1OC,1.0,0.828,0.6963,0,0
CCOc1c2ccc(C(=O)NCc3ccc(C)cc3)cc2nn1CC,0.0,2.45,0.921,0,0
CCCn1nc2cc(C(=O)NCc3ccccc3)ccc2c1OCC,0.0,3.19,0.9604,1,1
CCCn1nc2cc(C(=O)NCc3ccc(OC)cc3)ccc2c1OCC,0.0,1.553,0.825,0,0
CCOc1c2ccc(C(=O)NCc3ccc(OC)cc3)cc2nn1CCOC,0.0,-1.164,0.2379,0,0
CCCn1nc2cc(C(=O)NCc3ccccc3OC)ccc2c1OCC,0.0,2.727,0.9385,0,0
C=CCOc1c2ccc(C(=O)NCc3ccccc3OC)cc2nn1C,0.0,1.209,0.77,0,0
COc1ccc(OC)c(Nc2nc(-c3sc(NC(=O)c4ccccc4)nc3C)cs2)c1,0.0,0.9497,0.721,0,0
CCOc1ccccc1Nc1nc(-c2sc(NC(=O)c3cccc(Cl)c3)nc2C)cs1,0.0,0.94,0.719,0,0
COc1ccccc1Nc1nc(-c2sc(NC(=O)c3ccccc3)nc2C)cs1,0.0,0.251,0.5625,0,0
Cc1ccc(Nc2nc(-c3sc(NC(=O)c4cccc(Cl)c4)nc3C)cs2)cc1,0.0,-0.506,0.3762,0,0
Cc1nc(NC(=O)c2ccccc2)sc1-c1csc(Nc2cccc(F)c2)n1,1.0,0.6914,0.666,0,0
Cc1nc(NC(=O)c2ccccc2)sc1-c1csc(Nc2cccc(Cl)c2)n1,1.0,-0.4429,0.3909,0,0
Cc1nc(NC(=O)c2ccccc2)sc1-c1csc(Nc2ccc(Cl)cc2)n1,0.0,-0.897,0.2896,0,0
Cc1nc(NC(=O)c2ccc(Cl)cc2)sc1-c1csc(Nc2cccc(F)c2)n1,1.0,-0.406,0.4,0,0
Cc1nc(NC(=O)c2ccccc2)sc1-c1csc(Nc2ccc(F)cc2)n1,0.0,0.2832,0.5703,0,0
COc1ccccc1Nc1nc(-c2sc(NC(=O)c3ccc([N+](=O)[O-])cc3)nc2C)cs1,0.0,-0.52,0.3728,0,0
COc1ccc2[nH]cc(CCNc3ncncc3-c3ccccc3C)c2c1,1.0,5.87,0.997,1,1
COc1ccc2[nH]cc(CCNc3ncncc3-c3ccc(N(C)C)cc3)c2c1,1.0,4.906,0.992,1,1
COc1ccc2[nH]cc(CCNc3ncncc3-c3cccc(NS(C)(=O)=O)c3)c2c1,1.0,5.805,0.997,1,1
COc1ccc2[nH]cc(CCNc3ncncc3-c3ccccc3Cl)c2c1,1.0,5.836,0.997,1,1
COc1cccc(-c2cncnc2NCCc2c[nH]c3ccc(OC)cc23)c1,1.0,5.773,0.997,1,1
COc1ccc2[nH]cc(CCNc3ncncc3-c3ccccc3CN(C)C)c2c1,1.0,4.58,0.9893,1,1
COc1ccc2[nH]cc(CCNc3ncncc3-c3ccccc3C(F)(F)F)c2c1,1.0,5.438,0.996,1,1
COc1ccc2[nH]cc(CCNc3ncncc3-c3ccccc3OC)c2c1,1.0,6.25,0.998,1,1
COc1ccc2[nH]cc(CCNc3ncncc3-c3ccc(C(=O)N(C)C)cc3)c2c1,1.0,4.12,0.984,1,1
COc1ccc2[nH]cc(CCNc3ncncc3-c3cccc(C#N)c3)c2c1,1.0,5.906,0.997,1,1
COc1cccc(Nc2ncc3ncc(=O)n(C)c3n2)c1,0.0,-1.289,0.2161,0,0
COc1cccc(Nc2ncc3ncc(=O)n(CCC#N)c3n2)c1,0.0,2.666,0.935,0,0
Cn1c(=O)cnc2cnc(Nc3ccccc3)nc21,0.0,-1.31,0.2126,0,0
COc1cccc(Nc2ncc3nc(C)c(=O)n(C)c3n2)c1,0.0,-1.263,0.2205,0,0
COCCn1c(=O)c(C)nc2cnc(Nc3cccc(OC)c3)nc21,0.0,-0.2483,0.4385,0,0
COCCn1c(=O)cnc2cnc(Nc3cccc(OC)c3)nc21,0.0,-0.4678,0.385,0,0
COCCn1c(=O)cnc2cnc(Nc3ccccc3)nc21,0.0,-1.104,0.249,0,0
COc1cccc(Nc2ncc3nc(C)c(=O)n(CCC#N)c3n2)c1,0.0,2.754,0.9404,0,0
N#CCCn1c(=O)cnc2cnc(Nc3ccccc3)nc21,0.0,2.082,0.8887,0,0
Cc1nc2cnc(Nc3ccccc3)nc2n(CCC#N)c1=O,0.0,2.61,0.9316,0,0
COCCn1c(=O)c(C)nc2cnc(Nc3ccccc3)nc21,0.0,-0.7393,0.3232,0,0
CN(C)c1ccc(-c2ccc3ncnc(NC4CC4)c3c2)cc1,0.0,3.973,0.982,1,1
Cc1ccccc1-c1ccc2ncnc(NC3CC3)c2c1,1.0,4.234,0.9854,1,1
COc1ccccc1-c1ccc2ncnc(NC3CC3)c2c1,1.0,4.297,0.9863,1,1
CS(=O)(=O)Nc1cccc(-c2ccc3ncnc(NC4CC4)c3c2)c1,0.0,3.334,0.966,1,1
CN(C)C(=O)c1ccc(-c2ccc3ncnc(NC4CC4)c3c2)cc1,0.0,0.7236,0.6733,0,0
CN(C)Cc1ccccc1-c1ccc2ncnc(NC3CC3)c2c1,1.0,4.21,0.9854,1,1
FC(F)(F)c1ccccc1-c1ccc2ncnc(NC3CC3)c2c1,1.0,3.617,0.973,1,1
CC1CCC(O)(C(C)(C(=O)O)c2ccccc2)CC1,0.0,-1.467,0.1874,0,0
CCN(CC)CCOC(=O)C(c1ccccc1)C1CCCCC1,1.0,3.299,0.9644,1,1
CC[N+](CC)(CC)CCC(O)(c1ccccc1)C1CCCCC1,1.0,3.393,0.968,1,1
COc1ccccc1-c1cncnc1NCc1cccs1,1.0,4.504,0.9893,1,1
Clc1ccccc1-c1cncnc1NCc1cccs1,1.0,4.203,0.9854,1,1
FC(F)(F)c1ccccc1-c1cncnc1NCc1cccs1,1.0,4.2,0.9854,1,1
Cc1ccccc1-c1cncnc1NCc1cccs1,1.0,4.367,0.9873,1,1
CN(C)Cc1ccccc1-c1cncnc1NCc1cccs1,1.0,4.34,0.9873,1,1
CS(=O)(=O)Nc1cccc(-c2cncnc2NCc2cccs2)c1,1.0,4.082,0.984,1,1
COc1ccc(CCNCC(O)c2ccc(O)cc2)cc1OC,0.0,3.234,0.9624,1,1
CC(Cc1ccc(C=O)cc1)NCC(O)c1ccc(O)c(NCO)c1,1.0,3.926,0.981,1,1
CC(Cc1ccc(OCC(=O)O)cc1)NCC(O)c1cccc(Cl)c1,1.0,3.814,0.978,1,1
COc1ccc(CC(C)NCC(O)c2ccc(O)c(NC=O)c2)cc1,1.0,2.078,0.8887,0,0
CCC1(CCSC(=N)N)C(=O)NC(=O)NC1=O,0.0,1.833,0.862,0,0
CC(C)CCC1(CCN)C(=O)NC(=O)NC1=O,0.0,-0.8555,0.2983,0,0
CCNCCC1(CC)C(=O)NC(=O)NC1=O,0.0,-0.3286,0.4187,0,0
CN(C)c1nc(N)c(C(=O)N=C(N)N)nc1Cl,0.0,1.307,0.787,0,0
CC(C)CN(C)c1nc(N)c(C(=O)N=C(N)N)nc1Cl,1.0,1.598,0.832,0,0
Clc1cnccn1,0.0,-0.3682,0.409,0,0
NC(N)=NC(=O)c1nc(Cl)c(N)nc1N,0.0,2.092,0.8906,0,0
Cc1cnc(C(=O)OCC(=O)N(C(C)C)C(C)C)cn1,0.0,-0.685,0.335,0,0
Cc1cnc(C(=O)OCC(=O)NC(C)C)cn1,0.0,-0.284,0.4294,0,0
CCCc1cc(=O)[nH]c(SCC)n1,0.0,-0.4336,0.3933,0,0
CC(C)CNc1nc(N)[nH]c(=O)c1NC=O,0.0,-0.8584,0.2976,0,0
CC(=NNc1nc(C)cc(=O)[nH]1)C(=O)O,0.0,-0.644,0.3442,0,0
Cc1c(C(=O)O)nc(C=CC(=O)O)[nH]c1=O,0.0,-1.522,0.1792,0,0
Nc1nc(SCC(=O)O)[nH]c(=O)c1N,0.0,0.02448,0.5063,0,0
CCN(CC)C(=O)CSc1nc(O)cc(=O)n1CC,0.0,-0.7896,0.3123,0,0
Nc1cc(=O)[nH]c(N)n1,0.0,0.275,0.5684,0,0
COC(=O)C1(Cc2ccc(OC)cc2)C2c3cc(C(=O)N4CCCC4)n(CCc4c[nH]c5ccccc45)c3CC2CN1C(=O)c1ccccc1,0.0,2.953,0.9507,1,0
COC(=O)C1(Cc2ccc(OC)cc2)C2c3cc(C(=O)N4CCCC4)n(CCc4c[nH]c5cc(F)ccc45)c3CC2CN1C(=O)c1ccccc1,0.0,2.889,0.9473,0,0
COC(=O)C1(Cc2ccc(OC)cc2)C2c3cc(C(=O)N4CCCC4)n(CCc4c[nH]c5ccc(O)cc45)c3CC2CN1C(=O)c1ccccc1,0.0,2.395,0.9165,0,0
COC(=O)C1(Cc2ccc(F)cc2)C2c3cc(C(=O)N4CCCC4)n(CCc4c[nH]c5cc(F)ccc45)c3CC2CN1C(=O)c1ccccc1,0.0,2.885,0.9473,0,0
COC(=O)C1(Cc2ccc(F)cc2)C2c3cc(C(=O)N4CCCC4)n(CCc4c[nH]c5ccc(OC)cc45)c3CC2CN1C(=O)c1ccccc1,0.0,2.822,0.944,0,0
COC(=O)C1(Cc2ccc(F)cc2)C2c3cc(C(=O)N4CCCC4)n(CCc4c[nH]c5ccccc45)c3CC2CN1C(=O)c1ccccc1,0.0,3.12,0.958,1,1
CC(=O)Nc1ccc(Nc2ncc([N+](=O)[O-])c(Nc3ccc(NC(C)=O)cc3)n2)cc1,0.0,-0.9473,0.2795,0,0
CN(C)C1C(=O)C(C(N)=O)=C(O)C2(O)C(=O)C3=C(O)c4c(O)cccc4C(C)(O)C3CC12,0.0,-1.022,0.2646,0,0
CC(C)C1C(=O)C(C(N)=O)=C(O)C2(O)C(=O)C3=C(O)c4c(O)ccc(N(C)C)c4CC3CC12,0.0,-1.446,0.1907,0,0
CN(C)C1C(=O)C(C(N)=O)=C(O)C2(O)C(=O)C3=C(O)c4c(O)ccc(Cl)c4C(C)(O)C3CC12,0.0,-0.5005,0.3777,0,0
CN(C)C1C(=O)C(C(=O)NCNC(CCCCN)C(=O)O)=C(O)C2(O)C(=O)C3=C(O)c4c(O)cccc4C(C)(O)C3CC12,0.0,0.2408,0.56,0,0
CN(C)c1ccc(O)c2c1CC1CC3C(N(C)C)C(=O)C(C(N)=O)=C(O)C3(O)C(=O)C1=C2O,0.0,-1.272,0.2188,0,0
CN(C)C1C(=O)C(C(N)=O)=C(O)C2(O)C(=O)C3=C(O)c4c(O)cccc4C(C)(O)C3C(O)C12,0.0,-1.11,0.2478,0,0
O=C(O)CSc1cc(-c2ccccc2)nc2ccccc12,0.0,-1.417,0.1951,0,0
CCNC(=O)COC(=O)c1cc(-c2ccc(OC)cc2)nc2ccccc12,0.0,0.5024,0.623,0,0
CSc1c(-c2ccccc2)nc2ccc(Cl)cc2c1C(=O)O,0.0,-1.288,0.2162,0,0
CN1CCN(CCC=C2c3ccccc3Sc3ccc(S(=O)(=O)N(C)C)cc32)CC1,1.0,3.42,0.968,1,1
COc1cccc(-c2nc(NCCc3c[nH]c4ccc(OC)cc34)c3ccccc3n2)c1,1.0,5.42,0.995,1,1
COc1ccc2[nH]cc(CCNc3nc(-c4ccc(N(C)C)cc4)nc4ccccc34)c2c1,1.0,4.61,0.99,1,1
COc1ccc2[nH]cc(CCNc3nc(-c4ccccc4OC)nc4ccccc34)c2c1,1.0,5.39,0.995,1,1
COc1ccc2[nH]cc(CCNc3nc(-c4cccc(C#N)c4)nc4ccccc34)c2c1,1.0,5.19,0.994,1,1
COc1ccc2[nH]cc(CCNc3nc(-c4cccc(NS(C)(=O)=O)c4)nc4ccccc34)c2c1,1.0,5.23,0.995,1,1
Cn1c(=O)n(CCC(=O)O)c2ccccc21,0.0,-0.7603,0.3186,0,0
Cn1c(=O)n(C)c2cc(S(=O)(=O)O)ccc21,0.0,-1.215,0.229,0,0
CCn1c(=O)[nH]c2ccccc21,0.0,-0.01834,0.495,0,0
Cn1c(=O)n(CC#N)c2ccccc21,0.0,-0.6274,0.3481,0,0
CCn1c(=O)n(CC)c2cc([N+](=O)[O-])ccc21,0.0,-0.467,0.3853,0,0
COc1cccc(-c2nccc(NCCc3c[nH]c4ccc(OC)cc34)n2)c1,1.0,5.46,0.996,1,1
COc1ccc2[nH]cc(CCNc3ccnc(-c4ccccc4C)n3)c2c1,1.0,5.914,0.997,1,1
COc1ccc2[nH]cc(CCNc3ccnc(-c4cccc(NS(C)(=O)=O)c4)n3)c2c1,1.0,5.53,0.996,1,1
COc1ccc2[nH]cc(CCNc3ccnc(-c4ccc(N(C)C)cc4)n3)c2c1,1.0,4.707,0.991,1,1
COc1ccc2[nH]cc(CCNc3ccnc(-c4ccccc4Cl)n3)c2c1,1.0,5.61,0.996,1,1
CC(C)(Oc1ccc(CCNC(=O)c2ccc(Cl)cc2)cc1)C(=O)O,0.0,0.536,0.631,0,0
CC(C)(C)c1ccc(C(=O)NC(Cc2ccccc2)C(=O)O)cc1,0.0,-1.359,0.2043,0,0
CCCCC(=O)Nc1cc(C(=O)NCCc2ccccc2)ccc1Cl,1.0,3.816,0.978,1,1
COc1ccc(-c2nc3cnc(N4CCOCC4)nc3n(CC3CCCO3)c2=O)cc1,0.0,-0.9155,0.286,0,0
N#Cc1cccc(-c2nc3cnc(N4CCOCC4)nc3n(CC3CCCO3)c2=O)c1,0.0,-1.3125,0.212,0,0
O=c1c(-c2cc(F)cc(F)c2)nc2cnc(N3CCOCC3)nc2n1CC1CCCO1,0.0,-1.295,0.2151,0,0
O=c1c(-c2ccc(Cl)cc2)nc2cnc(N3CCOCC3)nc2n1CC1CCCO1,0.0,-1.319,0.2108,0,0
O=c1c(-c2ccccc2)nc2cnc(N3CCOCC3)nc2n1CC1CCCO1,0.0,-0.9106,0.2869,0,0
O=c1c(-c2ccc(F)cc2)nc2cnc(N3CCOCC3)nc2n1CC1CCCO1,0.0,-1.312,0.2123,0,0
CS(=O)(=O)Nc1cccc(-c2cncnc2-n2ccnc2)c1,0.0,3.795,0.978,1,1
FC(F)(F)c1ccccc1-c1cncnc1-n1ccnc1,1.0,3.88,0.98,1,1
COc1cccc(-c2cncnc2-n2ccnc2)c1,1.0,4.37,0.9873,1,1
COc1ccc2c(c1)N(CCC1CCCCN1C)c1ccccc1S2,1.0,3.756,0.977,1,1
CN1CCCCC1CCN1c2ccccc2Sc2ccc(S(C)=O)cc21,0.0,3.607,0.973,1,1
CN1CC(C(=O)NC2(C)OC3(O)C4CCCN4C(=O)C(Cc4ccccc4)N3C2=O)CC2c3cccc4[nH]cc(c34)CC21,0.0,2.926,0.949,0,0
CC(C)C1(NC(=O)C2CC3c4cccc5[nH]cc(c45)CC3N(C)C2)OC2(O)C3CCCN3C(=O)C(Cc3ccccc3)N2C1=O,0.0,2.656,0.934,0,0
O=C(O)c1cc(=O)cc(C(=O)O)[nH]1,0.0,-0.8325,0.3032,0,0
NC(Cn1ccc(=O)c(O)c1)C(=O)O,0.0,1.085,0.7476,0,0
Nc1cc(Cl)c(NC2=NCCN2)c(Cl)c1,0.0,4.258,0.9863,1,1
Clc1cc(I)cc(Cl)c1NC1=NCCN1,1.0,4.695,0.991,1,1
Clc1cccc(Cl)c1NC1=NCCN1,1.0,3.305,0.9644,1,1
CC(C)CC1C(=O)N2CCCC2C2(O)OC(NC(=O)C3C=C4c5cccc6[nH]cc(c56)CC4N(C)C3)(C(C)C)C(=O)N12,0.0,2.816,0.944,0,0
CC(C)CC1C(=O)N2CCCC2C2(O)OC(NC(=O)C3C=C4c5cccc6[nH]c(Br)c(c56)CC4N(C)C3)(C(C)C)C(=O)N12,0.0,2.314,0.91,0,0
CNc1cc(NS(=O)(=O)c2ccc(N)cc2)nc(NC)n1,0.0,-1.005,0.2678,0,0
COc1cc(NS(=O)(=O)c2ccc(N)cc2)ncn1,0.0,-1.074,0.2546,0,0
COc1ncnc(NS(=O)(=O)c2ccc(N)cc2)c1OC,0.0,-1.446,0.1907,0,0
CCC(Sc1ccc2nnc(-c3ccc(F)cc3)n2n1)C(=O)O,0.0,-1.398,0.198,0,0
COC(=O)C(C)Sc1ccc2nnc(-c3ccc(F)cc3)n2n1,0.0,-1.333,0.2086,0,0
CSc1ccc2nnc(-c3cccc(F)c3)n2n1,0.0,-1.237,0.225,0,0
CCOc1ccc(-c2nnc3ccc(SC)nn23)cc1,0.0,-1.149,0.2406,0,0
COC(=O)CSc1ccc2nnc(-c3ccc(F)cc3)n2n1,0.0,-1.374,0.2019,0,0
CC(NC(=O)c1cc2ccccc2o1)C(=O)O,0.0,-0.719,0.3276,0,0
CCOC(=O)c1c(C(C)(C)C)oc2ccc(O)cc12,1.0,-1.33,0.2091,0,0
Cc1ccc(C=NNC(=O)Cn2nccc2C)o1,0.0,-1.445,0.1908,0,0
Cc1cc(C)n(CC(=O)NN=Cc2ccc(C)o2)n1,0.0,-1.285,0.2166,0,0
Cc1cc(C)n(CC(=O)NN=Cc2ccco2)n1,0.0,-1.305,0.2134,0,0
Cc1ccnn1CC(=O)NN=Cc1ccco1,0.0,-1.406,0.1968,0,0
COc1ccc(C(=O)N2CCC3(CC2)CN(CC(C)C)C3)cc1,0.0,2.404,0.9175,0,0
COc1ccc(C(=O)N2CCC3(CC2)CN(C(=O)NC(C)C)C3)cc1,0.0,0.05893,0.5146,0,0
CC(C)NC(=O)N1CC2(CCN(C(=O)c3cc(C(F)(F)F)cc(C(F)(F)F)c3)CC2)C1,1.0,-0.6274,0.3481,0,0
CC(C)CN1CC2(CCN(C(=O)c3cccc(F)c3)CC2)C1,0.0,2.055,0.8867,0,0
COc1ccc(N2CCN(C(=S)Nc3cc(C)ccc3C)CC2)cc1,0.0,-0.9316,0.2825,0,0
COc1ccc(N2CCN(C(=S)Nc3cccc(C)c3)CC2)cc1,0.0,-0.1298,0.4675,0,0
COc1cccc(N2CCN(C(=S)Nc3cccc(C)c3)CC2)c1,0.0,-0.8516,0.299,0,0
COc1ccc(N2CCN(C(=S)Nc3cc(C)cc(C)c3)CC2)cc1,0.0,-0.1781,0.4556,0,0
COC(=O)c1ccc(C(=O)OC)c(NC(=S)N2CCN(c3ccccc3)CC2)c1,0.0,-0.768,0.317,0,0
COc1ccccc1CNc1ccnc(-c2cccnc2)n1,1.0,4.992,0.993,1,1
Cc1cccc(CNc2ccnc(-c3cccnc3)n2)c1,1.0,4.51,0.9893,1,1
c1ccc(CNc2ccnc(-c3cccnc3)n2)cc1,1.0,4.11,0.984,1,1
COc1ccc(CNc2ccnc(-c3cccnc3)n2)c(OC)c1,1.0,5.273,0.995,1,1
NC(=NO)C1COc2ccccc2O1,0.0,2.049,0.8857,0,0
CC(=O)Nc1ccc2c(c1)OCCO2,0.0,-0.5464,0.3667,0,0
CC(C)CON=C1CC(O)C(O)C2C1CCC1C(=O)N(c3ccc(F)cc3F)C(=O)C12,0.0,-1.454,0.1893,0,0
CC(C)=CCCC(C)=CCON=C1CC(O)C(O)C2C1CCC1C(=O)N(c3ccc(F)cc3F)C(=O)C12,0.0,-1.032,0.2627,0,0
C#CCCCON=C1CC(O)C(O)C2C1CCC1C(=O)N(c3ccc(F)cc3F)C(=O)C12,0.0,1.861,0.8657,0,0
CCOC(=O)NN=C1CC(O)C(O)C2C1CCC1C(=O)N(c3ccc(F)cc3F)C(=O)C12,0.0,-1.616,0.1656,0,0
CC12CCC3c4ccc(OP(=O)(O)O)cc4CCC3C1CCC2=O,0.0,-1.396,0.1985,0,0
CC12CCC3c4ccc(OCC(=O)O)cc4CCC3C1CCC2=O,0.0,-1.292,0.2155,0,0
CC12CCC3c4ccc(O)cc4CCC3C1CCC2=O,0.0,-1.249,0.223,0,0
CC12CCC3c4ccc(OS(=O)(=O)O)cc4CCC3C1CCC2=O,0.0,-1.397,0.1982,0,0
CN1CCN(c2ncc3nc(-c4cccc(C#N)c4)c(=O)n(CCc4ccccc4)c3n2)CC1,0.0,0.8296,0.6963,0,0
CN1CCN(c2ncc3nc(-c4cc(F)cc(F)c4)c(=O)n(CCc4ccccc4)c3n2)CC1,0.0,0.855,0.701,0,0
CCOC(=O)N1CCC(=C2c3ccc(Cl)cc3CCc3cccnc32)CC1,0.0,3.748,0.977,1,1
CCCCOc1ccc(C(=O)NC(=Cc2cccc([N+](=O)[O-])c2)C(=O)OCCC)cc1,0.0,0.3572,0.5884,0,0
COc1cc(C=C(NC(=O)c2ccccc2Cl)C(=O)O)cc(OC)c1OC,0.0,0.043,0.5107,0,0
COc1ccccc1C(=O)NC(=Cc1ccc(Br)cc1)C(=O)NCC(=O)O,0.0,-1.305,0.2134,0,0
COc1ccccc1C(=O)NC(=Cc1ccccc1)C(=O)NC(CCSC)C(=O)O,0.0,-1.573,0.1718,0,0
O=C(Nc1cccc(F)c1)N1CCC2(CCCN(C(=O)c3ccco3)C2)C1,0.0,1.141,0.758,0,0
O=C(Nc1ccccc1)N1CCC2(CCCN(C(=O)c3ccco3)C2)C1,0.0,0.3691,0.5913,0,0
N#Cc1cccc(NC(=O)N2CCC3(CCCN(C(=O)c4ccco4)C3)C2)c1,0.0,0.716,0.672,0,0
COc1ccc(NC(=O)N2CCC3(CCCN(C(=O)c4ccco4)C3)C2)cc1,0.0,0.2805,0.5693,0,0
COc1ccccc1CN1CCC2(CC1)CCN(C(=O)c1ccncc1)CC2,1.0,4.043,0.983,1,1
O=C(c1ccncc1)N1CCC2(CCN(Cc3cc(C(F)(F)F)cc(C(F)(F)F)c3)CC2)CC1,0.0,2.275,0.907,0,0
N#Cc1ccc(CN2CCC3(CC2)CCN(C(=O)c2ccncc2)CC3)cc1,1.0,2.7,0.937,0,0
CN1CCN(c2ncc3nc(-c4cccs4)c(=O)n(CCC#N)c3n2)CC1,0.0,-1.145,0.2415,0,0
Cn1c(=O)c(-c2cccs2)nc2cnc(N3CCNCC3)nc21,0.0,-0.9307,0.2827,0,0
COCCn1c(=O)c(-c2cccs2)nc2cnc(N3CCNCC3)nc21,0.0,-0.2332,0.4421,0,0
COCCn1c(=O)c(-c2cccs2)nc2cnc(N3CCN(C)CC3)nc21,0.0,-1.138,0.2429,0,0
N#CCCn1c(=O)c(-c2cccs2)nc2cnc(N3CCNCC3)nc21,0.0,0.9146,0.714,0,0
COC(=O)N1CCC2(CC1)CCN(c1cccc(-c3ccccc3)c1)CC2,0.0,-0.3906,0.4038,0,0
COCC(=O)N1CCC2(CC1)CCN(c1cccc(-c3ccccc3)c1)CC2,0.0,0.1243,0.5312,0,0
CS(=O)(=O)N1CCC2(CCN(c3cccc(-c4ccccc4)c3)CC2)CC1,0.0,1.556,0.8257,0,0
Cc1cccc(CNc2nc(-c3cccnc3)nc3ccccc23)c1,1.0,4.707,0.991,1,1
COc1ccc(CNc2nc(-c3cccnc3)nc3ccccc23)c(OC)c1,1.0,5.664,0.996,1,1
c1ccc(CNc2nc(-c3cccnc3)nc3ccccc23)cc1,1.0,4.367,0.9873,1,1
CC(=O)N1CCCC2(CCN(Cc3nccs3)C2)C1,0.0,0.2065,0.5513,0,0
COC(=O)N1CCCC2(CCN(Cc3nccs3)C2)C1,0.0,2.037,0.8843,0,0
COCC(=O)N1CCCC2(CCN(Cc3nccs3)C2)C1,0.0,-0.7793,0.3145,0,0
CCC1OC(=O)C(C)C(OC2CC(C)(OC)C(O)C(C)O2)C(C)C(OC2OC(C)CC(N(C)C)C2O)C(C)(O)CC(C)C(=NOCOCCOC)C(C)C(O)C1(C)O,0.0,-1.475,0.1862,0,0
COc1ccc(NC(=O)N2CCCC3(CCN(C(=O)c4cccn4C)CC3)C2)cc1,0.0,-0.4268,0.395,0,0
Cn1cccc1C(=O)N1CCC2(CCCN(C(=O)Nc3cccc(C#N)c3)C2)CC1,0.0,-0.434,0.3933,0,0
Cn1cccc1C(=O)N1CCC2(CCCN(C(=O)Nc3cccc(F)c3)C2)CC1,0.0,0.03915,0.51,0,0
Cn1cccc1C(=O)N1CCC2(CCCN(C(=O)Nc3ccccc3)C2)CC1,0.0,-0.5327,0.3699,0,0
Cn1cccc1C(=O)N1CCCC2(CCN(Cc3cc(C(F)(F)F)cc(C(F)(F)F)c3)C2)C1,1.0,2.387,0.916,0,0
COc1ccccc1CN1CCC2(CCCN(C(=O)c3cccn3C)C2)C1,1.0,3.834,0.979,1,1
Cn1cccc1C(=O)N1CCCC2(CCN(Cc3ccccc3)C2)C1,1.0,3.715,0.976,1,1
CC(=O)C1CCC2C3C=CC4=CC(=O)CCC4(C)C3CCC12C,0.0,-1.115,0.2468,0,0
CC(=O)OC1(C(C)=O)CCC2C3C=C(C)C4=CC(=O)CCC4(C)C3CCC21C,0.0,0.4312,0.606,0,0
CC(=O)CC(=O)C1(O)CCC2C3C=C(C)C4=CC(=O)CCC4C3CCC21C,0.0,-1.135,0.2433,0,0
CC12CCC(=O)C=C1C=CC1C2CCC2(C)C1CCC2(O)CCC(=O)O,0.0,-1.362,0.2039,0,0
CCN1C(=O)C2CCC3C(=NOC4OC(COC(C)=O)C(OC(C)=O)C(OC(C)=O)C4OC(C)=O)CC(O)C(O)C3C2C1=O,1.0,3.465,0.9697,1,1
CCOC(=O)CCN1C(=O)C2CCC3C(=NOC4OC(COC(C)=O)C(OC(C)=O)C(OC(C)=O)C4OC(C)=O)CC(O)C(O)C3C2C1=O,1.0,3.748,0.977,1,1
CC(=O)OCC1OC(ON=C2CC(O)C(O)C3C2CCC2C(=O)N(C(C)(C)C)C(=O)C23)C(OC(C)=O)C(OC(C)=O)C1OC(C)=O,0.0,3.15,0.959,1,1
CN1CCN(c2ncc3nc(-c4cccs4)c(=O)n(-c4ccccc4)c3n2)CC1,0.0,-1.214,0.229,0,0
COc1ccc(-n2c(=O)c(-c3cccs3)nc3cnc(N4CCN(C)CC4)nc32)cc1,0.0,-1.1875,0.2335,0,0
COc1ccc(-n2c(=O)c(-c3cccs3)nc3cnc(N4CCNCC4)nc32)cc1,0.0,-0.9883,0.2712,0,0
COc1cccc(Nc2ncc3nc(C)c(=O)n(Cc4cccs4)c3n2)c1,0.0,-0.7817,0.314,0,0
Cc1nc2cnc(Nc3ccccc3)nc2n(Cc2cccs2)c1=O,0.0,-1.0625,0.2568,0,0
O=c1cnc2cnc(Nc3ccccc3)nc2n1Cc1cccs1,0.0,-1.013,0.2664,0,0
Cc1ccc(-c2nn(CC(C)(C)C)c3ncnc(N)c23)cc1,0.0,-1.066,0.256,0,0
CC(C)(C)Cn1nc(-c2ccc(Cl)cc2)c2c(N)ncnc21,0.0,-1.282,0.2172,0,0
CC(C)(C)n1nc(-c2ccc(Cl)cc2)c2c(N)ncnc21,0.0,-0.6597,0.3408,0,0
NCCCCCc1nnc(SCc2ccccc2Cl)o1,1.0,3.064,0.955,1,1
NCCCCCc1nnc(SCc2ccc(Cl)cc2Cl)o1,1.0,3.305,0.9644,1,1
NCCCCCc1nnc(SCc2ccc(Cl)c(Cl)c2)o1,1.0,3.209,0.9614,1,1
CCn1c2ccccc2c2cnc(N=CN(C)C)c(C#N)c21,1.0,3.625,0.974,1,1
COc1ccc(OC2C=CC(c3ccccc3)OC2CON=C(C)C)cc1,0.0,-0.2355,0.4414,0,0
CON=C(C)CCC(=O)OCC1OC(c2ccccc2)C=CC1Oc1ccc(OC)cc1,0.0,0.11475,0.529,0,0
COC(=O)CC=CC(C)C(C=NOCC1OC(c2ccccc2)C=CC1Oc1ccc(OC)cc1)OC,0.0,0.991,0.7295,0,0
CCON=C1C(C)(C)C(C)(C)C(C)(C)C1(C)C,0.0,-0.1342,0.4663,0,0
N=C1CCCC1C(=S)SCCC(N)=O,0.0,3.543,0.9717,1,1
N#CCCSC(=S)C1CCCC1=N,0.0,0.1151,0.529,0,0
CCn1c(SCC(=O)Nc2ccccc2C(=O)OC)nnc1-c1ccc(N)cc1,0.0,1.69,0.844,0,0
COc1ccc(C)cc1NC(=O)CSc1nnc(-c2ccc(OC)c(OC)c2)n1N,0.0,3.168,0.9595,1,1
CCc1ccc(N(C(=O)CNC(=O)c2cccs2)C(C(=O)NC(C)(C)C)c2cc(OC)c(OC)c(OC)c2)cc1,0.0,3.018,0.9536,1,0
COc1ccc(C(C(=O)NC(C)(C)C)N(C(=O)CNC(=O)c2cccs2)c2ccc(C(C)C)cc2)cc1OC,0.0,2.37,0.914,0,0
COc1ccc(C(C(=O)NC(C)(C)C)N(C(=O)CNC(=O)c2cccs2)c2ccc(C)cc2)cc1OC,0.0,2.215,0.9014,0,0
COC(=O)c1[nH]c2cc(OC)ccc2c1NC(=O)c1ccc2c(c1)OCO2,1.0,2.746,0.9395,0,0
CCOC(=O)c1[nH]c2cc(OC)c(OC)cc2c1NC(=O)c1ccc2c(c1)OCO2,0.0,3.37,0.967,1,1
COC(=O)C1(Cc2ccccc2)C2c3cc(C(=O)N(C)C)n(Cc4ccccn4)c3CC2CN1C(=O)c1ccccc1,0.0,2.709,0.9375,0,0
COC(=O)C1(Cc2ccc(F)cc2)C2c3cc(C(=O)N(C)C)n(Cc4ccccn4)c3CC2CN1C(=O)c1ccccc1,0.0,2.986,0.9517,1,0
O=C(c1csnn1)N1CCC2(CCCN(Cc3ccccc3)C2)CC1,1.0,3.477,0.9697,1,1
COc1ccccc1CN1CCCC2(CCN(C(=O)c3csnn3)CC2)C1,1.0,3.783,0.978,1,1
N#Cc1ccc(CN2CCCC3(CCN(C(=O)c4csnn4)CC3)C2)cc1,0.0,3.248,0.9624,1,1
O=C(c1csnn1)N1CCC2(CCCN(Cc3cc(C(F)(F)F)cc(C(F)(F)F)c3)C2)CC1,0.0,3.887,0.98,1,1
CC(=O)OCC1=C(C(=O)O)N2C(=O)C(NC(=O)CCCC(N)C(=O)O)C2SC1,0.0,0.0797,0.52,0,0
CC(=O)OCC1=C(C(=O)O)N2C(=O)C(N)C2SC1,0.0,0.1997,0.55,0,0
O=C(O)C(Cc1ccccc1)N1C(=O)c2ccccc2C1=O,0.0,-1.522,0.1792,0,0
O=C(O)C(Cc1ccc(O)c([N+](=O)[O-])c1)N1C(=O)c2ccccc2C1=O,0.0,-1.514,0.1804,0,0
Cn1cc(-c2nc3cnc(Oc4ccccc4)nc3n(C3CC3)c2=O)c2ccccc21,0.0,-0.5728,0.3606,0,0
Cn1cc(-c2nc3cnc(Oc4cccc(Cl)c4)nc3n(C3CC3)c2=O)c2ccccc21,0.0,-1.092,0.2512,0,0
COc1ccc(Oc2ncc3nc(-c4cn(C)c5ccccc45)c(=O)n(C4CC4)c3n2)cc1,0.0,-0.7085,0.3298,0,0
COc1cccc(Nc2ncc3nc(C)c(=O)n(C4CC4)c3n2)c1,0.0,-1.09,0.2517,0,0
COc1cccc(Nc2ncc3ncc(=O)n(C4CC4)c3n2)c1,0.0,-0.6475,0.3435,0,0
O=c1cnc2cnc(Nc3ccccc3)nc2n1C1CC1,0.0,-1.207,0.2302,0,0
Cc1nc2cnc(Nc3ccccc3)nc2n(C2CC2)c1=O,0.0,-1.23,0.2262,0,0
Oc1ccccc1-c1cc(-c2ccccc2)no1,0.0,2.438,0.9194,0,0
CC(C)=NOCc1cccc(-c2cc(-c3ccccc3)no2)c1,0.0,-1.075,0.2544,0,0
CC(C)=NOCc1ccc(-c2cc(-c3ccccc3)no2)cc1,0.0,-1.1045,0.249,0,0
CC(=O)Nc1c(C)nn(-c2ccc(C)c(C)c2)c1C,0.0,-0.1295,0.4675,0,0
Cc1ccc(CNCC(O)(c2ccc(F)cc2)c2ccc(F)cc2)cc1,1.0,3.455,0.9697,1,1
OC(CNCc1ccc(F)cc1)(c1ccc(F)cc1)c1ccc(F)cc1,1.0,3.008,0.9526,1,0
COc1ccccc1CNCC(O)(c1ccc(Cl)cc1)c1ccc(Cl)cc1,1.0,3.89,0.98,1,1
c1ccc(N2CCCC3(CCNCC3)C2)nc1,1.0,1.449,0.81,0,0
CC(=O)N1CCC2(CCCN(c3ccccn3)C2)CC1,0.0,-0.5664,0.362,0,0
CC(=O)NCCNc1ncnc2ccc(-c3ccoc3)cc12,0.0,3.967,0.982,1,1
COCCNc1ncnc2ccc(-c3ccoc3)cc12,0.0,3.08,0.956,1,1
CN(C)c1ncnc2ccc(-c3ccoc3)cc12,1.0,3.162,0.9595,1,1
C=C(C)C1CCC2(C(=O)O)CCC3(C)C(CCC4C5(C)CCC(O)C(C)(C)C5CCC43C)C12,0.0,-1.386,0.2,0,0
C=C(C)C1CCC2(CO)CCC3(C)C(CCC4C5(C)CCC(O)C(C)(C)C5CCC43C)C12,0.0,-1.324,0.2102,0,0
Cc1cccc(NC(=S)NNC(=O)CCn2cc(C)cn2)c1,0.0,2.541,0.927,0,0
Cc1cnn(CCC(=O)NNC(=S)Nc2cccc(Cl)c2)c1,0.0,3.742,0.977,1,1
Cc1cnn(CCC(=O)NNC(=S)Nc2ccc(F)cc2)c1,0.0,3.078,0.956,1,1
Cc1ccc(C)c(NC(=O)Cn2nnc(C(=O)Nc3c(C)cccc3C)c2N)c1,0.0,0.8306,0.697,0,0
CCc1ccccc1NC(=O)c1nnn(CC(=O)Nc2cccc(C)c2C)c1N,0.0,0.02092,0.5054,0,0
CCc1ccccc1NC(=O)c1nnn(CC(=O)Nc2ccccc2C)c1N,0.0,-0.8184,0.3062,0,0
CCOc1ccc(NC(=O)c2nnn(CC(=O)Nc3ccccc3OC)c2N)cc1,0.0,-1.101,0.2495,0,0
CCc1cccc(CC)c1NC(=O)C(=Cc1ccccc1)c1ccccc1,1.0,1.123,0.7544,0,0
COc1ccc(C=C(C(=O)Nc2ccccc2C(=O)NC(C)C)c2ccccc2)cc1,0.0,-0.311,0.4229,0,0
CC(C)c1ccc(O)c(NC(=O)c2ncn[nH]2)c1,0.0,-1.461,0.1884,0,0
COc1ccc(NC(=O)c2ncn[nH]2)cc1,0.0,-1.005,0.2678,0,0
Cc1ccc(C)c(NC(=O)c2ncn[nH]2)c1,0.0,-1.321,0.2106,0,0
N#Cc1ccc(CN2CCC3(CCCN(C(=O)Oc4ccccc4)C3)C2)cc1,1.0,3.484,0.9707,1,1
O=C(Oc1ccccc1)N1CCCC2(CCN(Cc3cc(C(F)(F)F)cc(C(F)(F)F)c3)C2)C1,1.0,2.633,0.9326,0,0
COc1ccc2c(c1)c(CC(=O)OCC(=O)O)c(C)n2C(=O)c1ccc(Cl)cc1,0.0,0.695,0.667,0,0
CC1(C)C(=O)C(c2ccccc2)=C2CN3C(=O)N(CCc4ccccc4)C(=O)C3(Cc3ccc(F)cc3)C=C21,0.0,-0.5684,0.3616,0,0
CC1(C)C(=O)C(c2ccccc2)=C2CN3C(=O)N(CCc4ccccc4)C(=O)C3(Cc3ccc(C(F)(F)F)cc3)C=C21,0.0,-1.295,0.2151,0,0
CC1(C)C(=O)C(c2ccccc2)=C2CN3C(=O)N(CCc4ccccc4)C(=O)C3(Cc3ccccc3)C=C21,0.0,-0.0933,0.4768,0,0
CCOC(=O)c1c(C)nc2c(c1-c1ccccc1)C(=O)CCC2,0.0,1.881,0.8677,0,0
CCOC(=O)c1c(C)nc2c(c1-c1ccccc1)C(=O)CC(C)(C)C2,0.0,-0.0868,0.4785,0,0
CCOC(=O)c1c(C)nc2c(c1-c1ccc(OC)cc1)C(=O)CC(C)(C)C2,0.0,1.205,0.7695,0,0
O=S(=O)(Nc1ccc(Cc2ccncc2)cc1)c1ccc(Br)cc1,1.0,4.938,0.993,1,1
O=S(=O)(Nc1ccc(Cc2ccncc2)cc1)c1ccc(Cl)c(Cl)c1,1.0,4.656,0.99,1,1
O=C(O)c1cc(=O)[nH]c(SCc2ccccc2)n1,0.0,-1.219,0.2281,0,0
O=c1ccnc(SCc2ccc(Cl)cc2)[nH]1,0.0,1.6045,0.8325,0,0
CC(CC(C#N)(c1ccccc1)c1ccccc1)N1CCCCC1,1.0,3.016,0.9536,1,0
OC(CCN1CCCCC1)(c1ccccc1)c1ccccc1,1.0,2.98,0.9517,1,0
COCCNc1nc(SCc2ccccc2)nc2sc3c(c12)CCC3,0.0,3.94,0.981,1,1
Cc1c(Nc2ncccc2C(=O)O)cccc1C(F)(F)F,0.0,-1.501,0.1824,0,0
CCC1CN2CCc3cc(OC)c(OC)cc3C2CC1CC1NCCc2cc(OC)c(OC)cc21,0.0,3.633,0.974,1,1
CC(C)=NOC(C)CN1CCCc2nc(C)c(C)cc21,1.0,2.904,0.948,0,0
CON=C(C)CCN1CCCc2nc(C)c(C)cc21,1.0,2.361,0.9136,0,0
COc1ccc(C=NN=Cc2ccc(OC)c(O)c2)cc1O,0.0,-0.7583,0.319,0,0
CC1CCC2N(C1)CC1C3(O)CC45OC6(O)C(O)CCC4(C)C6CCC5C3(O)CC(O)C1(O)C2(C)O,0.0,-0.574,0.3604,0,0
CCC(C)C(=O)OC1C(O)C2C(CN3CC(C)CCC3C2(C)O)C2CC34OC5(O)C(OC(=O)C(C)(O)CC)CCC3(C)C5C(OC(C)=O)C(OC(C)=O)C4C21O,0.0,3.846,0.979,1,1
CCOC(=O)c1cc2c(=O)n3ccccc3nc2n(CCCOC)c1=NC(C)=O,0.0,-0.1256,0.4688,0,0
CCOC(=O)c1cc2c(=O)n3ccccc3nc2n(CCCOC)c1=NC(=O)C(C)(C)C,0.0,-0.03943,0.4905,0,0
CCOC(=O)c1cc2c(=O)n3ccccc3nc2n(CCOC)c1=NC(=O)C(C)(C)C,0.0,-1.002,0.2686,0,0
CCCC=C(CCC)C(NC(=O)CCc1ccccc1)c1ccc(C(F)(F)F)cc1,0.0,1.6455,0.838,0,0
CCCCC=CC(NC(=O)CCc1ccccc1)c1ccccc1,1.0,2.316,0.91,0,0
CCOc1ccc(OCC)c(NC(=O)CN(C)S(=O)(=O)c2cnc[nH]2)c1,0.0,-0.579,0.3591,0,0
CCc1cccc(NC(=O)CN(C)S(=O)(=O)c2cnc[nH]2)c1,0.0,-0.91,0.287,0,0
Cc1cccc(Cc2c(C)nc3nc(SCC(=O)NCc4ccco4)nn3c2C)c1,0.0,3.777,0.978,1,1
CCn1ccc(C(=O)NC2C(=O)N3C(C(=O)O)=C(C)CSC23)n1,0.0,-0.9966,0.2695,0,0
CC1=C(C(=O)O)N2C(=O)C(NC(=O)c3ccn(C)n3)C2SC1,0.0,-0.9,0.289,0,0
CN(c1ccc(C(=O)NCc2ccccn2)cc1)S(C)(=O)=O,0.0,-1.25,0.2227,0,0
O=C(NCc1ccccn1)c1cccc([N+](=O)[O-])c1,0.0,-0.9243,0.2842,0,0
O=C(NN=Cc1ccc([N+](=O)[O-])o1)c1ccc(O)cc1,0.0,-0.8555,0.2983,0,0
COc1ccc(NC(=O)N2CCC3(CC2)CCN(C(=O)Oc2ccccc2)CC3)cc1,1.0,1.044,0.7397,0,0
O=C(Nc1cccc(F)c1)N1CCC2(CC1)CCN(C(=O)Oc1ccccc1)CC2,0.0,0.943,0.7197,0,0
O=C(Nc1ccccc1)N1CCC2(CC1)CCN(C(=O)Oc1ccccc1)CC2,0.0,0.6426,0.656,0,0
COc1cc(NC(=O)c2ccco2)c(C(=O)O)cc1OC,0.0,-1.57,0.1721,0,0
CCOc1ccc(NC(=O)c2ccc(Br)o2)c([N+](=O)[O-])c1,0.0,-1.357,0.2046,0,0
Cc1onc(C(=O)C=CN(C)C)c1C(=O)Nc1nccs1,0.0,-1.28,0.2175,0,0
COC(=O)c1cccc(C(=O)Oc2cccc(Br)c2)n1,0.0,-1.372,0.2023,0,0
CC(C)OC(=O)c1cccc(C(=O)Oc2ccc(Br)cc2)n1,0.0,-1.347,0.2064,0,0
O=C(c1cccc(F)c1)N1CCC2(CC1)CCN(c1ccccc1)CC2,0.0,1.192,0.767,0,0
COc1ccc(C(=O)N2CCC3(CC2)CCN(c2ccccc2)CC3)cc1,0.0,0.1215,0.5303,0,0
O=C(c1cc(C(F)(F)F)cc(C(F)(F)F)c1)N1CCC2(CC1)CCN(c1ccccc1)CC2,0.0,0.0746,0.5186,0,0
N#Cc1ccc(CN2CCCC3(CCN(C(=O)c4ccncc4)CC3)C2)cc1,0.0,3.326,0.9653,1,1
O=C(c1ccncc1)N1CCC2(CCCN(Cc3ccccc3)C2)CC1,0.0,3.918,0.981,1,1
COc1ccccc1CN1CCCC2(CCN(C(=O)c3ccncc3)CC2)C1,1.0,4.137,0.9844,1,1
CC(C)CN1CCC2(CCCN(C(=O)c3csnn3)C2)C1,1.0,3.254,0.9624,1,1
CC(C)NC(=O)N1CCC2(CCCN(C(=O)c3csnn3)C2)C1,0.0,0.4348,0.607,0,0
CCC(=O)OCN1C(=O)C=CC1=O,0.0,-1.224,0.2273,0,0
CCN1C(=O)C=CC1=O,0.0,-1.136,0.2432,0,0
COc1ccc(CC2C(=O)NC(C)C(=O)N(C)C3C(=O)N(C)C(Cc4ccc(O)c(c4)Oc4ccc(cc4)C3O)C(=O)NC(C)C(=O)NC(C)C(=O)N2C)cc1,0.0,-1.558,0.1741,0,0
COc1ccc(CC2C(=O)NC(C)C(=O)N(C)C3Cc4ccc(cc4)Oc4cc(ccc4O)CC(C(=O)NC(C)C(=O)NC(C)C(=O)N2C)N(C)C3=O)cc1,0.0,-1.549,0.1752,0,0
CCOC(=O)C1=C(CSc2nc3ccccc3s2)NC(=O)NC1c1cc(C)ccc1C,0.0,2.51,0.925,0,0
CCOC(=O)C1=C(CSc2nc3ccccc3s2)NC(=O)NC1c1cccc([N+](=O)[O-])c1,0.0,1.542,0.8237,0,0
O=C1c2ccccc2C(=O)C1c1ccccc1,0.0,-1.21,0.2299,0,0
Cc1nc(NS(=O)(=O)c2ccc(Br)cc2)c2c3c(sc2n1)CCC3,0.0,-0.868,0.2957,0,0
Cc1nc(NS(=O)(=O)c2ccccc2C)c2c3c(sc2n1)CCC3,0.0,0.2268,0.5566,0,0
Cc1[nH]n(C(C)(C)C)c(=O)c1Sc1ccc(Cl)cc1,0.0,2.047,0.8857,0,0
Cc1[nH]n(C(C)(C)C)c(=O)c1Sc1ccccc1,0.0,-0.919,0.2852,0,0
Cc1nc2c(C#N)c(C)[nH]n2c(=O)c1Cc1ccccc1,0.0,-1.341,0.2074,0,0
Cc1nc2c(C(=O)NCCC(C)C)c[nH]n2c(=O)c1Cc1ccccc1F,0.0,0.2192,0.5547,0,0
Cc1cc(=O)c2c(O)c(O)ccc2o1,0.0,-0.889,0.2913,0,0
Cc1cc(C)cc(NC(=S)NC2CC3CCC(C2)N3Cc2ccco2)c1,1.0,3.787,0.978,1,1
Cc1cccc(NC(=S)NC2CC3CCC(C2)N3Cc2ccco2)c1C,0.0,3.95,0.981,1,1
Cc1ccc(-n2nnnc2-c2cnc3ccc(Cl)cc3c2-c2ccccc2)cc1,0.0,-0.0782,0.4802,0,0
Clc1ccc2ncc(-c3nnnn3-c3ccccc3)c(-c3ccccc3)c2c1,0.0,0.562,0.6367,0,0
COC(=O)N1N=C(c2ccccc2)CC1(O)C(F)(F)F,0.0,-1.607,0.167,0,0
CCOC(=O)N1N=C(c2ccccc2)CC1(O)C(F)(F)F,0.0,-1.6045,0.1674,0,0
Cc1ccc(N(Cc2ccccc2)Cc2ccccc2)cc1,0.0,2.385,0.916,0,0
CC(C)(C)c1ccc(O)c(CN(Cc2cc(C(C)(C)C)ccc2O)c2ccccc2)c1,1.0,3.77,0.977,1,1
Cc1c(OCC(F)(F)F)ccnc1CSc1nc2ccccc2[nH]1,1.0,2.998,0.9526,1,0
Cc1ccc([N+](=O)[O-])cc1N=C(c1cccc([N+](=O)[O-])c1)N1CCOCC1,0.0,0.3794,0.5938,0,0
Clc1ccc(N=C(c2ccccc2)N2CCOCC2)cc1Cl,1.0,0.01549,0.504,0,0
Clc1ccccc1C(=Nc1cccc(Br)c1)N1CCOCC1,0.0,0.2358,0.5586,0,0
CC(C)C(=O)Nc1sc2c(c1-c1nc3ccccc3[nH]1)CCCC2,0.0,-0.2178,0.446,0,0
CC(=O)NCCC(=O)Nc1sc2c(c1-c1nc3ccccc3[nH]1)CCCC2,0.0,2.25,0.905,0,0
O=S(=O)(O)c1cc(O)c2c(O)c(N=Nc3cccc4ccccc34)c(S(=O)(=O)O)cc2c1,0.0,-1.482,0.185,0,0
O=S(=O)(O)c1ccc(N=Nc2ccc3c(S(=O)(=O)O)cccc3c2O)c2ccccc12,0.0,-1.419,0.1948,0,0
CN(C)c1nc(-c2cccnc2)nc2ccccc12,1.0,3.13,0.958,1,1
CC(=O)NCCNc1nc(-c2cccnc2)nc2ccccc12,0.0,3.36,0.966,1,1
CC(=O)c1cc2c(cc1NC=Cc1nnnn1-c1ccc(Br)cc1)OCO2,1.0,4.37,0.9873,1,1
CC(=O)c1cc2c(cc1NC=Cc1nnnn1-c1ccc(Cl)cc1)OCO2,0.0,3.994,0.982,1,1
O=[N+]([O-])c1ccc(C=Nc2ccc(Cl)cc2Cl)s1,0.0,-1.026,0.2637,0,0
Cc1c(N=Cc2ccc(Br)s2)cccc1[N+](=O)[O-],0.0,3.604,0.973,1,1
NCC1OC(OC2C(CO)OC(OC3C(O)C(N)CC(N)C3OC3OC(CO)C(O)C(O)C3N)C2O)C(N)C(O)C1O,0.0,-0.2427,0.44,0,0
NC(N)=NN=C(c1ccccc1)c1ccc(O)cc1O,1.0,2.06,0.887,0,0
CNS(=O)(=O)c1ccccc1C(=N)c1ccccc1,0.0,2.826,0.944,0,0
COc1ccc(NC(=O)CC2C(=O)N(c3cccc(OC)c3)C(=O)N2C2CCCCC2)cc1,0.0,0.534,0.6304,0,0
Cc1cc(NC(=O)CCN2C(=O)C3C4CCC(C4)C3C2=O)c(C)cc1Br,0.0,2.664,0.935,0,0
Cc1cccc(C)c1NC(=O)CCN1C(=O)C2C3CCC(C3)C2C1=O,0.0,2.49,0.9233,0,0
COc1ccc(N(CC(=O)NCc2cccc(OC)c2)S(=O)(=O)c2c(C)noc2C)cc1,1.0,1.708,0.846,0,0
CCOc1ccc(NC(=O)CSc2nc(C)c3c(c2C#N)CCCC3)cc1,0.0,-1.113,0.2471,0,0
CCCSc1nc(SCC(=O)NCc2ccccc2)c2c3c(sc2n1)COC(C)(CC)C3,0.0,4.137,0.9844,1,1
CCCSc1nc(SCC(=O)NCc2ccccc2)c2c3c(sc2n1)COC(C)(C)C3,0.0,3.229,0.9614,1,1
CC(C=NNC(=O)Cn1c(C)nc2ccccc21)=Cc1ccccc1,0.0,-1.085,0.2527,0,0
CN1CC(C(=O)NC2(C)OC3(O)C4CCCN4C(=O)C(Cc4ccccc4)N3C2=O)C=C2c3cccc4[nH]cc(c34)CC21,0.0,3.277,0.9634,1,1
COc1cccc(CNC(=O)C2CCN(S(=O)(=O)N3CCCCC3)CC2)c1,0.0,1.804,0.8584,0,0
COc1ccccc1CNC(=O)C1CCN(S(=O)(=O)N2CC(C)CC(C)C2)CC1,0.0,1.507,0.8184,0,0
O=C(NCc1ccc(F)cc1)C1CCN(S(=O)(=O)N2CCCCC2)CC1,0.0,2.344,0.9126,0,0
CCCN1CCC(=NNC(=O)c2ccc(Br)o2)CC1,1.0,2.48,0.9224,0,0
Cc1sc(NC(=O)C2CCCCC2C(=O)O)c(C(N)=O)c1-c1ccc(C(C)(C)C)cc1,0.0,-1.437,0.192,0,0
O=C(Nc1ccc(C(F)(F)F)cc1)c1cccn(Cc2ccc3c(c2)OC(F)(F)O3)c1=O,0.0,-0.5923,0.356,0,0
O=C(Nc1cccc(C(F)(F)F)c1)c1cccn(Cc2ccc3c(c2)OC(F)(F)O3)c1=O,0.0,-0.5435,0.3672,0,0
COC(=O)c1cn(NC(=O)c2cccc(OC)c2)c(=O)c2ccccc12,1.0,0.01523,0.504,0,0
COC(=O)c1cn(NC(=O)c2ccc(F)cc2)c(=O)c2ccccc12,0.0,0.2266,0.5566,0,0
COC(=O)C1(Cc2ccc(OC)cc2)C2c3cc(C(=O)N4CCCC4)n(CCCNc4ncc(C(F)(F)F)cc4Cl)c3CC2CN1C(=O)c1ccccc1,0.0,2.312,0.91,0,0
COC(=O)C1(Cc2ccc(F)cc2)C2c3cc(C(=O)N4CCCC4)n(CCCNc4ncc(C(F)(F)F)cc4Cl)c3CC2CN1C(=O)c1ccccc1,0.0,3.07,0.955,1,1
COc1ccc(NC(=O)N2CCC(C(=O)c3ccc(F)cc3)CC2)cc1,0.0,-0.4805,0.382,0,0
CCOc1ccc(NC(=O)N2CCC(C(=O)c3ccc(F)cc3)CC2)cc1,0.0,0.6494,0.6567,0,0
COc1ccc(C(=O)N2CCC3(CCCN(c4cccc(-c5ccccc5)c4)C3)CC2)cc1,0.0,-0.10547,0.4736,0,0
O=C(c1cccc(F)c1)N1CCC2(CCCN(c3cccc(-c4ccccc4)c3)C2)CC1,0.0,1.415,0.804,0,0
CC(=O)N(N=C1Sc2ccccc2C1=O)c1ccccc1C,0.0,-0.5728,0.3606,0,0
CC(=O)N(N=C1Sc2ccccc2C1=O)c1ccccc1,0.0,-0.7725,0.316,0,0
O=C1C2CCC3C(=NOCc4ccccc4)CC(O)C(O)C3C2C(=O)N1Cc1ccccc1,0.0,-0.0726,0.4822,0,0
CC(c1ccccc1)N1C(=O)C2CCC3C(=NOCc4ccccc4)CC(O)C(O)C3C2C1=O,0.0,0.371,0.592,0,0
COc1ccc(C2CC(=O)CC(=O)C2n2cncn2)cc1,0.0,1.014,0.7334,0,0
O=C1CC(=O)C(n2cncn2)C(c2cccc(Cl)c2)C1,0.0,-1.291,0.2157,0,0
CC1(C)CC(=O)C(C(c2cccc(O)c2O)C2C(=O)CC(C)(C)CC2=O)C(=O)C1,0.0,-1.036,0.262,0,0
CC1(C)CC(=O)C(C(c2ccccc2F)C2C(=O)CC(C)(C)CC2=O)C(=O)C1,0.0,-1.29,0.2158,0,0
CN1C(=O)CCS(=O)(=O)C1c1ccc(Cl)cc1,0.0,-1.335,0.2083,0,0
CCOc1ccc(C(O)=C2C(=O)C(=O)N(CCOCCO)C2c2cccnc2)cc1,0.0,-1.505,0.1816,0,0
COCCCN1C(=O)C(=O)C(=C(O)c2ccc(OC)cc2C)C1c1cccnc1,0.0,-1.442,0.1912,0,0
Cc1cccc(C)c1OC1(c2ccccc2)OC(=O)c2ccccc21,0.0,-1.302,0.2139,0,0
Cc1cccc(OC2(c3ccccc3)OC(=O)c3ccccc32)c1C,0.0,-1.303,0.2137,0,0
Cc1cc(C)c(S(=O)(=O)N2CCCCC2)c(C)c1N(C)S(=O)(=O)c1ccccc1,0.0,0.3726,0.592,0,0
Cc1ccc(S(=O)(=O)N(C)c2cc(S(=O)(=O)N3CCC(C)CC3)c(C)cc2C)cc1,0.0,-1.008,0.2673,0,0
COc1ccc(S(=O)(=O)n2ccc(-c3cnc(-c4ccccc4)s3)n2)cc1,0.0,-0.5884,0.357,0,0
Cn1cc(-c2nc3cnc(OCc4ccccc4)nc3n(CCC#N)c2=O)c2ccccc21,0.0,-0.1758,0.4563,0,0
COCCn1c(=O)c(-c2cn(C)c3ccccc23)nc2cnc(OCc3ccccc3)nc21,0.0,-0.763,0.318,0,0
COc1ccc(-c2c(C)oc3c(CN4CCN(CCO)CC4)c(O)ccc3c2=O)cc1OC,0.0,2.707,0.9375,0,0
COc1ccccc1-c1c(C)oc2c(CN3CCN(CCO)CC3)c(O)ccc2c1=O,0.0,3.84,0.979,1,1
CCc1cc2c(=O)n(-c3ccccc3)c(=S)[nH]c2s1,0.0,-1.333,0.2086,0,0
CCN(CC)C(=O)c1sc2[nH]c(=S)n(-c3ccccc3)c(=O)c2c1C,0.0,-1.28,0.2175,0,0
CCn1c(SCc2ccc(C)cc2)nnc1-c1nn(-c2ccccc2)ccc1=O,0.0,1.804,0.8584,0,0
CCn1c(SCc2c(Cl)cccc2Cl)nnc1-c1nn(-c2ccccc2)ccc1=O,0.0,2.164,0.8965,0,0
CCCC(=O)Nc1sc(C)c(-c2ccc(C(C)CC)cc2)c1C#N,0.0,2.36,0.9136,0,0
CC(C)Sc1cc(N2CCOCC2)nc(-c2ccc(Cl)cc2)n1,0.0,-1.26,0.2211,0,0
Oc1ccccc1C1Nc2cccc3cccc(c23)N1,1.0,4.258,0.9863,1,1
COc1cccc(C(O)Cn2cc(-c3ccc(CON=C(C)C)cc3)nn2)c1,0.0,2.926,0.949,0,0
COc1cccc(C(O)Cn2cc(-c3cccc(CON=C(C)C)c3)nn2)c1,0.0,2.857,0.9453,0,0
O=C(O)c1cc2cc(OCc3ccccc3)ccc2[nH]1,0.0,-0.9287,0.2832,0,0
CSc1nc(C)c2c(n1)N(c1ccc(C(F)(F)F)cc1)CC2,0.0,0.4827,0.618,0,0
CSc1nc(C)c2c(n1)N(c1ccc(C(C)C)cc1)CC2,0.0,2.496,0.9243,0,0
COc1ccc(OCCn2cc(C(N)=NO)c3ccccc32)cc1,1.0,4.48,0.9883,1,1
Cc1cc(OCCn2cc(C(N)=NO)c3ccccc32)ccc1Cl,1.0,4.543,0.9893,1,1
CCNc1nc(Oc2c(Cl)cccc2Cl)cc(C(F)(F)F)n1,0.0,-0.956,0.2776,0,0
CC(C)Nc1nc(Oc2ccc(Cl)cc2)cc(C(F)(F)F)n1,0.0,0.2788,0.5693,0,0
CCCCC1(C)Nc2ccccc2-c2nc3ccccc3n21,1.0,3.443,0.9688,1,1
c1cnc(N2CC3(CCNCC3)C2)nc1,0.0,1.131,0.7563,0,0
CS(=O)(=O)N1CCC2(CC1)CN(c1ncccn1)C2,0.0,-0.1307,0.467,0,0
COCCNC(=S)NC1CC2CCCC(C1)N2Cc1cccs1,1.0,3.688,0.975,1,1
COCCCNC(=S)NC1CC2CCCC(C1)N2Cc1cccs1,1.0,3.62,0.974,1,1
N#CC(=Cc1cc([N+](=O)[O-])c(N2CCCCC2)cc1N1CCCCC1)c1nn(-c2ccccc2)c(N)c1C#N,0.0,-0.1237,0.4688,0,0
CC1CCN(c2cc(N3CCC(C)CC3)c([N+](=O)[O-])cc2C=C(C#N)c2nn(-c3ccccc3)c(N)c2C#N)CC1,0.0,-0.9814,0.2727,0,0
COc1cccc(-c2nnc3n2N=C(C(C)(C)C)CS3)c1,0.0,-0.6763,0.3372,0,0
COc1ccc(-c2nnc3n2N=C(C)CS3)cc1,0.0,-0.4363,0.3926,0,0
CC=C1CC(C)C(O)(CO)C(=O)OCC2=CCN3CCC(OC1=O)C23,0.0,-1.487,0.1843,0,0
COc1ccccc1C=CC(=O)c1c2c(c(C)[nH]c1=O)CCCC2,0.0,1.261,0.7793,0,0
Cc1[nH]c(=O)c(C(=O)C=Cc2ccccc2F)c2c1CCCC2,0.0,-0.1974,0.4507,0,0
CCC(C(=O)C(C)C(O)C(C)CCc1ccc(C)c(O)c1C(=O)O)C1OC(CC)(C2CCC(O)(CC)C(C)O2)CC1C,0.0,0.604,0.6465,0,0
CC(C)(C)c1ccc(OCC(=O)NNC(=O)CCc2ccccc2)cc1,0.0,-1.198,0.2319,0,0
Cc1ccc(OCC(=O)NNC(=O)CCc2ccccc2)cc1,0.0,-1.051,0.259,0,0
Cc1csc(NC(=O)CNS(=O)(=O)c2cccs2)n1,0.0,-0.6,0.3542,0,0
CC(C)C(NS(=O)(=O)c1cccs1)C(=O)Nc1nc(C(C)(C)C)cs1,0.0,3.887,0.98,1,1
COc1cc(CN2CCN(C(=O)COc3ccccc3)CC2)cc(OC)c1OC,0.0,0.2537,0.5635,0,0
CC(=O)OCC1=C(C(=O)O)N2C(=O)C(NC(=O)CSc3ccncc3)C2SC1,0.0,-1.162,0.2384,0,0
O=C(Cn1ccc([N+](=O)[O-])n1)NCc1cccs1,0.0,-0.5225,0.372,0,0
CC1(C)SC2C(NC(=O)C3(N)CCCCC3)C(=O)N2C1C(=O)O,0.0,-0.6343,0.3464,0,0
CC1CCCC(C)N1NC(=O)c1ccc(Cl)c(S(N)(=O)=O)c1,0.0,-1.185,0.2343,0,0
Cc1nn(C)cc1C(=O)NNC(=S)Nc1ccccc1,0.0,-1.289,0.2161,0,0
Cc1nn(C)cc1C(=O)NNC(=S)Nc1ccc(F)cc1,0.0,-1.193,0.2328,0,0
Cc1ccc(C(=O)Nc2ccc(N3CCOCC3)nc2)cc1,0.0,-1.23,0.2262,0,0
Cc1ccccc1C(=O)Nc1ccc(N2CCOCC2)nc1,0.0,-1.181,0.2349,0,0
O=C(O)c1ccc(C(=O)Nc2cccc3ccccc23)c(C(=O)O)c1,0.0,-1.66,0.1597,0,0
Cc1nn(Cc2c(Cl)cccc2Cl)c(C)c1NC(=O)c1cnn2c(C(F)F)cc(-c3ccccc3)nc12,0.0,0.4922,0.6206,0,0
Cc1ccc(-c2cc(C(F)F)n3ncc(C(=O)Nc4c(C)nn(Cc5c(Cl)cccc5Cl)c4C)c3n2)cc1,0.0,0.594,0.6445,0,0
Cc1c(-c2ccccc2)oc2c(C(=O)OCCN3CCCCC3)cccc2c1=O,1.0,1.665,0.841,0,0
O=C(c1cc(C(F)(F)F)cc(C(F)(F)F)c1)N1CCC2(CC1)CCN(c1ncccn1)CC2,0.0,0.625,0.6514,0,0
CCc1ccc(C(=O)c2oc3nc(C)cc(C)c3c2N)cc1,1.0,0.569,0.638,0,0
CCOC(=O)C1=C(C)N=C2SC(C(=O)OC)=CC(=O)N2C1c1cccc(OC)c1,0.0,0.0788,0.52,0,0
CC1(C(=O)CSc2nc3ccccc3s2)CCC(=O)O1,0.0,0.2961,0.573,0,0
Cc1ccc(S(=O)(=O)CC(O)CN2CCCC2=O)cc1,0.0,-1.006,0.2678,0,0
O=C1CCCN1CC(O)CS(=O)(=O)c1ccccc1,0.0,-0.8823,0.2927,0,0
CC1=C(C(=O)OCc2ccccc2)C(c2ccc(Cl)cc2)NC(=O)N1CCCCCC(=O)O,0.0,1.106,0.7515,0,0
CCCCOC1(c2ccccc2)OC(=O)c2ccccc21,0.0,-1.45,0.19,0,0
CCCCCCCOC1(c2ccccc2)OC(=O)c2ccccc21,0.0,-1.46,0.1885,0,0
O=S(=O)(Cc1ccc(Cl)cc1)c1ccccc1-c1nnc(-c2ccc(Cl)cc2)o1,0.0,2.404,0.9175,0,0
CCCC(CCC)C(=O)NNc1cc(=O)c2c(=O)n(C)c(=O)n(C)c2[nH]1,0.0,-0.4253,0.395,0,0
CCC(=O)NNc1cc(=O)c2c(=O)n(C)c(=O)n(C)c2[nH]1,0.0,-0.1287,0.468,0,0
CN(C)c1ncc2nc(-c3cccs3)c(=O)n(CC3CCCO3)c2n1,0.0,-1.105,0.2485,0,0
CCC(C)NC(=O)c1c(C)cc(=O)oc1C,0.0,-1.377,0.2015,0,0
CCCNC(=O)c1c(C)cc(=O)oc1C,0.0,-1.253,0.2222,0,0
Nc1cc(C(=O)O)[nH]c(=O)n1,0.0,0.0945,0.5234,0,0
Cc1ccc2nc(C3CCCN(C(=S)Nc4ccccc4C)C3)[nH]c2c1,1.0,3.285,0.9644,1,1
Cc1cc2nc(C3CCCN(C(=S)Nc4ccccc4)C3)[nH]c2cc1C,0.0,3.215,0.9614,1,1
C#CCSc1nnc(-c2sc(-c3ccccc3)nc2C)n1C,1.0,3.424,0.9688,1,1
CSc1nnc(-c2sc(-c3ccccc3)nc2C)n1C,0.0,1.59,0.8306,0,0
COC(=O)C1C(O)C2(O)c3ccccc3OC2(c2ccccc2)C1c1ccccc1,0.0,-0.7754,0.3152,0,0
COC(=O)C1C(O)C2(O)c3c(OC)cc(OC)cc3OC2(c2ccc(OC)cc2)C1c1ccccc1,0.0,0.03354,0.5083,0,0
CCc1ccc(CCN2CCCCC2)nc1,1.0,2.963,0.9507,1,0
CC(NCCC(c1ccccc1)c1ccccc1)c1ccccc1,1.0,3.21,0.9614,1,1
Oc1ccccc1CNn1cnnc1,0.0,-1.436,0.1921,0,0
Oc1ccc(Br)cc1CNn1cnnc1,0.0,-1.211,0.2294,0,0
CCN(c1ccccc1)c1cc(NC)[n+](C)c(C)n1,1.0,3.191,0.9604,1,1
N#Cc1c(-c2ccccc2)ccnc1Oc1ccccc1,0.0,-1.12,0.2461,0,0
c1ccc2c3c([nH]c2c1)C1C2CCC(C4CCCNC42)N1CC3,1.0,3.568,0.9727,1,1
COCCNc1ncnc2ccc(-c3cccnc3)cc12,0.0,3.768,0.977,1,1
CN1CCN(c2ncnc3ccc(-c4ccoc4)cc23)CC1,1.0,3.49,0.9707,1,1
Cc1ccccc1C=CC1=NCCN1,1.0,1.599,0.832,0,0
N#CC(=Cc1ccc(N2CCCC2)c([N+](=O)[O-])c1)c1nc2ccccc2[nH]1,1.0,-0.1941,0.4514,0,0
OCC1OC(O)C(N=Cc2ccc3c(c2)OCO3)C(O)C1O,0.0,0.6274,0.652,0,0
COc1c(C=NNc2ccc([N+](=O)[O-])cc2[N+](=O)[O-])c(C)nn1-c1ccccc1,0.0,1.89,0.8687,0,0
CCOC(=O)Cc1csc(NN=Cc2ccc(C(F)(F)F)cc2)n1,0.0,-0.00641,0.498,0,0
CC(CCN1CCCCc2nc(C)c(C)cc21)=NOC(C)c1cn(C2COCC2O)nn1,0.0,0.9277,0.717,0,0
CC(C)C(OCc1ccccc1)C(C)C=NOCC(C)C(OCc1ccccc1)C(C)C,0.0,-0.3752,0.4072,0,0
Oc1ccc2[nH]cc(CCCCN3CC=C(c4ccccc4)CC3)c2c1,0.0,3.797,0.978,1,1
CC(=Cc1ccco1)C1C(C#N)=C(N)Oc2n[nH]c(-c3ccccc3)c21,1.0,1.472,0.8135,0,0
COc1ccc(OC2C=CC(c3ccccc3)OC2CON=C(C)CCN2CCc3nc(-c4ccccc4)c(-c4ccccc4)cc3C2)cc1,0.0,1.375,0.7983,0,0
COC(=O)C1=C(C)OC(N)=C(C#N)C1c1cc(OC)ccc1OC,0.0,-0.6885,0.3345,0,0
CC(=O)C1=C(C)OC(N)=C(C#N)C1c1cc2cccc(C)c2nc1Cl,0.0,2.658,0.934,0,0
N=C(N)CCNC(=O)C1CCC(N)=N1,0.0,2.72,0.9385,0,0
CC12CN(CC[N+](C)(C)C)CC1(C)C1CCC2O1,0.0,-0.0625,0.4844,0,0
CC(C)(C)C1CCC2(CC1)NC(CO)(CO)CO2,0.0,0.6504,0.657,0,0
C1CCN(c2nc3nonc3nc2N2CCCC2)C1,0.0,-0.06885,0.483,0,0
O=C(O)CNC(=O)C1NC(C(F)(F)F)(C(F)(F)F)OC1(C(F)(F)F)C(F)(F)F,0.0,-1.473,0.1866,0,0
C=C1CC(=CC)C(=O)OC2CCN3CC=C(COC(=O)C1(C)O)C23,0.0,-1.586,0.17,0,0
C=C(NC(=O)C(=C)NC(=O)c1csc(C2=NC3c4csc(n4)C4NC(=O)c5csc(n5)C(C(C)(O)C(C)O)NC(=O)C5CSC(=N5)C(=CC)NC(=O)C(C(C)O)NC(=O)c5csc(n5)C3(CC2)NC(=O)C(C)NC(=O)C(=C)NC(=O)C(C)NC(=O)C(C(C)CC)NC2C=Cc3c(C(C)O)cc(nc3C2O)C(=O)OC4C)n1)C(N)=O,0.0,-1.261,0.2208,0,0
N1=C(c2nnc(-c3nn[nH]n3)nn2)NNN1,0.0,-1.524,0.1787,0,0
[O-]N=C1C(=[OH+])Nc2ccccc21,0.0,-0.3472,0.4143,0,0
O=C(O)CN=C1NC2(CCCC2)Cc2ccccc21,0.0,0.391,0.5967,0,0
Cc1nc2sc3c(c2c(=N)n1N)CC(C)(C)OC3,0.0,-0.435,0.3928,0,0
N=c1n(CCN2CCOCC2)c2ccccc2n1CC(=O)c1ccc(Cl)c(Cl)c1,1.0,3.217,0.9614,1,1
COc1ccc(C2C(C(=O)c3ccco3)=C(O)C(=O)N2Cc2cccnc2)cc1OC,0.0,-0.9404,0.2808,0,0
O=C(O)C1C2C=CC(C2)C1C(=O)N1CCN(CC=Cc2ccccc2)CC1,0.0,-0.437,0.3926,0,0
N#CC(=CNc1ccccn1)C(=O)C1CC1,0.0,1.271,0.7812,0,0
CC(C)C(=O)NC1CCCN1C(=O)C=Cc1ccccc1,0.0,-1.315,0.2115,0,0
O=C(C=Cc1ccc(Cl)cc1)Nc1ccc(N2CCCCC2)cc1,0.0,2.123,0.8926,0,0
C#CCSc1nncn1C(=O)C=Cc1ccccc1,0.0,-1.195,0.2323,0,0
O=C(CC(=O)NN=C1CCCC1)NCCc1ccccc1,0.0,0.2593,0.5645,0,0
CC(C(=O)NCc1ccccn1)C1CC1(C)C(NC(=O)OCc1ccccc1)c1ccccc1,1.0,5.137,0.994,1,1
CC(C(=O)Nc1ccc2ccccc2c1)C1CC1(C)C(NS(=O)(=O)c1ccc2ccccc2c1)c1ccccc1,1.0,4.402,0.9873,1,1
O=C(CC1c2ccccc2Oc2ccccc21)N1CCN(c2ccccn2)CC1,1.0,3.035,0.954,1,1
COc1ccc(C)cc1NC(=O)CCC(=O)Nc1nnc(C(F)(F)F)s1,0.0,1.026,0.7363,0,0
COc1ccc(OC2C=CC(c3ccccc3)OC2COC(=O)CCC(C)=NOC2OC(COC(C)=O)C(OC(C)=O)C(OC(C)=O)C2OC(C)=O)cc1,1.0,3.617,0.973,1,1
COc1ccc(C(=O)C(CCCCC(CN(C)C)C(=O)c2ccc(OC)cc2)CN(C)C)cc1,1.0,2.967,0.9507,1,0
O=C(CCCNS(=O)(=O)c1cccc2nsnc12)NCCc1ccccc1,1.0,3.93,0.981,1,1
O=C(CCN1CC2CCC(CC2)C1)c1cccs1,1.0,3.273,0.9634,1,1
CCOc1ccc(C(=O)CCNC(Cc2cnc[nH]2)C(=O)O)cc1,0.0,3.717,0.976,1,1
O=C(CCS(=O)(=O)c1cccc2nsnc12)NC1CCCCC1,0.0,-1.045,0.2603,0,0
CCN1CCN(C(=O)CCc2nc3ccccc3c(=O)[nH]2)CC1,0.0,0.204,0.551,0,0
Cc1ccc(S(=O)(=O)N(CC(=O)N2CCN(c3ccc(F)cc3)CC2)C2CCCCC2)cc1,0.0,2.453,0.921,0,0
Cc1ccc(NC(=O)C(C)N2C(=O)C3C4CC(C(Br)C4Br)C3C2=O)cc1,0.0,2.607,0.931,0,0
O=C(CN1C(=O)c2ccccc2C1=O)NC1(C(=O)O)CCCC1,0.0,-1.682,0.1569,0,0
CC1CCN(CC(=O)N2c3ccccc3Sc3cc4ccccc4cc32)CC1,1.0,3.912,0.981,1,1
COC(=O)c1ccc(N2CCN(CC(=O)c3ccc(-c4ccccc4)cc3)CC2)c([N+](=O)[O-])c1,1.0,1.183,0.765,0,0
Cc1ccc(NC(=O)CN(Cc2ccccc2)S(C)(=O)=O)cc1C,1.0,3.24,0.9624,1,1
Cc1ccc(C(=O)C(OC(=O)CNS(=O)(=O)c2ccccc2)c2ccccc2)cc1,0.0,2.018,0.883,0,0
CS(=O)(=O)N(CC(=O)NN=Cc1cccs1)c1cccc(Cl)c1Cl,0.0,1.281,0.7827,0,0
Cc1ccc(S(=O)(=O)NCC(=O)OC(C)C(=O)Nc2ncc(Cl)cc2Cl)cc1,0.0,-0.4482,0.3896,0,0
CN(C)S(=O)(=O)c1ccc(NC(=O)COC(=O)c2ccccn2)cc1,0.0,-1.177,0.2357,0,0
O=C(COc1ccc(-c2ccccc2)cc1)NN=Cc1ccccc1Br,0.0,-0.9346,0.282,0,0
CCCc1cc(=O)oc2cc(OCC(=O)N3CCc4ccccc43)ccc12,0.0,-1.249,0.223,0,0
Cc1ccccc1OCC(=O)NC(=S)Nc1ccc(Br)c(C)n1,0.0,-1.478,0.1858,0,0
COc1ccc(OCC(=O)NN=Cc2ccc(OC3OC(CO)C(O)C(O)C3O)cc2)cc1,0.0,-1.256,0.2217,0,0
Cc1ccc(C(=O)C(OC(=O)COc2ccccc2C)c2ccccc2)cc1,0.0,-1.306,0.2134,0,0
CC1CN(C(=O)COc2ncnc3ccccc23)CC(C)O1,0.0,-1.007,0.2676,0,0
CC(=NNC(=O)CSCc1ccc(Cl)cc1)c1ccc2c(c1)OCCO2,1.0,2.406,0.9175,0,0
COc1cc(-c2cc(-c3ccccc3)nc(SCC(=O)Nc3nccs3)c2C#N)cc(OC)c1OC,0.0,3.348,0.966,1,1
COc1ccc(NC(=O)CSc2nc(-c3ccc(C)cc3)cc(C(F)(F)F)c2C#N)cc1,0.0,-1.263,0.2205,0,0
Cc1cc(Cl)nc(NC(=O)CSc2ccc(Cl)cc2)n1,0.0,1.173,0.7637,0,0
Cc1nc2ccccc2nc1SCC(=O)N1CCC(C)CC1,0.0,-0.0616,0.4849,0,0
CCn1c(SCC(=O)Nc2ccc3c(c2)OCCO3)nc2c(c1=O)SC(C)C2,0.0,0.3691,0.5913,0,0
O=C(CSc1nc2ccccc2c(=O)n1-c1ccc(Cl)cc1)c1ccco1,0.0,1.927,0.873,0,0
CC1(C)Cc2c(sc3nc(SCC(=O)NCc4ccccc4)n(-c4ccccc4)c(=O)c23)CS1,1.0,3.658,0.975,1,1
Cc1nc(SCC(=O)NCCc2ccc(Cl)cc2)nc(C)c1C,1.0,2.936,0.9497,0,0
CC(C)(C)c1nc(SCC(=O)Nc2ccc3c(c2)OCCO3)c2ccccc2n1,0.0,1.943,0.8745,0,0
Cc1ccccc1NC(=O)CSc1nnc(-c2ccccc2)n1-c1ccccc1,1.0,2.963,0.9507,1,0
CCOC(=O)c1c(C)[nH]c(C(=O)CSc2nnc(-c3cccs3)n2Cc2ccccc2)c1C,1.0,2.967,0.9507,1,0
CC1CC(C)CN(C(=O)CSc2nnc(CSc3ncccn3)n2C)C1,0.0,1.655,0.8394,0,0
Cc1cc(C)n2c(SCC(=O)N(C)C3CCS(=O)(=O)C3)nnc2n1,0.0,-0.958,0.277,0,0
Cn1nnnc1SCC(=O)Nc1ccccc1[N+](=O)[O-],0.0,-0.8115,0.3076,0,0
COc1ccc(CNC(=O)Cc2c(C(=O)O)[nH]c3ccccc23)cc1,0.0,-1.302,0.2139,0,0
COC(=O)c1c(-c2ccc3ccccc3c2)csc1NC(=O)Cc1ccc(OC)c(OC)c1,0.0,0.1934,0.5483,0,0
O=C(Cc1cccs1)NN=CC(Br)=Cc1ccccc1,0.0,0.335,0.583,0,0
O=C(Cn1c(SCc2ccccc2)nc2ccccc21)N1CCOCC1,0.0,0.9795,0.727,0,0
Cc1c(Br)c([N+](=O)[O-])nn1CC(=O)NCc1ccccn1,0.0,-0.6846,0.335,0,0
O=C(Cn1cnc2cc(Cl)ccc2c1=O)Nc1ccc2c(c1)OCO2,0.0,4.504,0.9893,1,1
CC(C)CC(=O)Nc1ccccc1-c1nnn(CC(=O)N2CCc3ccccc3C2)n1,0.0,2.855,0.9453,0,0
CCOC(=O)c1cc2c(=O)n3cccc(C)c3nc2n(Cc2ccco2)c1=NC(=O)c1ccccc1,0.0,-1.208,0.23,0,0
O=C(NC(=S)Nc1ccc(N2CCCCC2)c(Cl)c1)c1ccc2c(c1)OCCO2,0.0,-0.345,0.4146,0,0
Cc1cccnc1NC(=S)NC(=O)c1cccs1,0.0,-1.371,0.2025,0,0
Cc1cccc(NC(=S)NC(=O)c2cccs2)n1,0.0,-1.349,0.2062,0,0
COc1cccc(N(C(=O)Cn2nnc(-c3cccs3)n2)C(C(=O)NC2CCCCC2)c2ccncc2)c1,0.0,2.074,0.888,0,0
CC1CCCC(NC(=O)c2n[nH]c(=O)c3ccccc23)C1C,0.0,-1.316,0.2114,0,0
COc1cc(C(=O)NCC(c2cccnc2)N2CCN(C)CC2)cc(OC)c1OC,0.0,-0.0532,0.4866,0,0
CCOc1ccc(-n2c(N)c(C(=O)NCC3CCCO3)sc2=S)cc1,0.0,-0.128,0.468,0,0
O=C(NCCCN1CCCCCC1)C(c1ccccc1)C1CCCCC1,1.0,3.045,0.954,1,1
CN(CCCNC(=O)c1ccc(C=NO)nc1)CCCN(C)Cc1ccccc1,1.0,3.021,0.9536,1,0
O=C(NCCCn1ccnc1)c1ccc(S(=O)(=O)N2CCCCCC2)cc1,1.0,4.51,0.9893,1,1
Cc1ccc(OCCNC(=O)c2cc(-n3cnnc3)ccc2Cl)cc1C,0.0,2.275,0.907,0,0
CC(C)(C)OC(=O)N1CCCC1C(=O)NCCc1ccccc1,0.0,1.181,0.765,0,0
CC(C)C(NC(=O)OC(C)(C)C)C(=O)N1CCCC1C(=O)NC(Cc1ccccc1)C(N)=O,0.0,2.967,0.9507,1,0
Cc1cc2ccccc2n1CCNC(=O)c1ccccc1,1.0,3.441,0.9688,1,1
CCN(CC)CCCN(Cc1cc2ccc(C)c(C)c2[nH]c1=O)C(=O)NC1CCCCC1,0.0,2.928,0.949,0,0
O=C(NCc1ccccc1)C12CN(Cc3ccccc3)CC1C(c1cccc([N+](=O)[O-])c1)=NO2,1.0,2.787,0.942,0,0
Cc1cc(=O)oc(C)c1C(=O)NCc1ccccc1,0.0,-1.143,0.242,0,0
O=C(NCc1ccccn1)C1CC1C(NP(=O)(c1ccccc1)c1ccccc1)c1ccccc1,0.0,2.406,0.9175,0,0
COc1ccc(-c2cc(C(=O)NCc3cccnc3)no2)cc1OC,0.0,1.849,0.8643,0,0
O=C(NCc1ccco1)c1ccc(N2CCCC2=O)cc1,0.0,-0.974,0.2742,0,0
COc1ccc(-n2c(CNC(=O)c3cc(OC)c(OC)c(OC)c3)n[nH]c2=S)cc1,0.0,1.856,0.8647,0,0
O=C(NN=C1C2CC3CC(C2)CC1C3)c1cc(Cl)ccc1O,0.0,1.819,0.8604,0,0
O=C(NN=CC=Cc1ccc([N+](=O)[O-])cc1)c1cccs1,0.0,-1.113,0.2471,0,0
O=C(NN=Cc1cccc(OC2CSC2)c1)c1ccccc1O,0.0,-1.291,0.2157,0,0
O=C(NN=Cc1ccco1)c1ccc(Br)o1,0.0,-0.06726,0.483,0,0
O=C(NNC(=O)c1cccnc1)Nc1cccc2ccccc12,0.0,-1.298,0.2144,0,0
Cc1ccc(S(=O)(=O)NC(=O)OC23COCN2COC3)cc1,0.0,-1.086,0.2524,0,0
Cc1c(NC(=O)C(=Cc2ccccc2)NC(=O)c2ccccc2)c(=O)n(-c2ccccc2)n1C,0.0,-1.171,0.2366,0,0
O=C(Nc1ccc(-c2csc(-c3ccccc3)n2)cc1)c1ccccc1Cl,0.0,-0.267,0.4336,0,0
O=C(Nc1ccc(Nc2ccc3c(c2)C(=O)c2ccccc2C3=O)c2c1C(=O)c1ccccc1C2=O)c1ccccc1,0.0,-1.416,0.1953,0,0
O=C(O)c1ccccc1C(=O)Nc1cc2c(cc1Br)-c1ccccc1C2=O,0.0,-1.337,0.2081,0,0
CC1CCN(C(=O)Nc2ccc3nsnc3c2)CC1,0.0,2.475,0.9224,0,0
O=C(Nc1cccc(NC(=O)N2CCN(c3ccccc3)CC2)c1)N1CCN(c2ccccc2)CC1,0.0,0.6914,0.666,0,0
O=C(Nc1cccc2nsnc12)c1ccc(-c2cccc(Cl)c2)o1,0.0,0.474,0.616,0,0
CCc1ccc(NC(=O)C2CCN(S(=O)(=O)c3c(C)[nH]c(=O)[nH]c3=O)CC2)cc1,0.0,0.0969,0.524,0,0
CCOc1ccc(NC(=O)N2CCC(c3ccc(C)cc3)C2)cc1,0.0,1.361,0.7964,0,0
COC(=O)c1cc(NC(=O)N2c3ccccc3Sc3ccccc32)cc(C(=O)OC)c1,0.0,-1.087,0.2522,0,0
Cc1noc(NC(=O)Nc2ccccc2F)c1C#N,0.0,-0.836,0.3025,0,0
COc1ccc(NC(=O)c2cc(-c3ccccc3Cl)no2)cc1,0.0,2.219,0.9023,0,0
O=C(Nc1ccccc1)c1cc(-c2ccccc2Cl)no1,0.0,1.929,0.873,0,0
Cc1ccc(NC(=O)c2ccc(NCC3CCCO3)c([N+](=O)[O-])c2)cc1Cl,0.0,3.062,0.955,1,1
COC(=O)c1ccc(NC(=O)c2ccccc2NS(=O)(=O)c2ccccc2)cc1,1.0,1.756,0.8525,0,0
O=C(Nc1ccccc1-c1nc2ccccc2[nH]1)c1ccc(S(=O)(=O)N2CCCCC2)cc1,0.0,2.729,0.9385,0,0
Cc1ccc(C(=O)Nc2ccccc2Oc2ccccc2)cc1[N+](=O)[O-],0.0,-1.39,0.1996,0,0
CC(C)C(=O)Nc1ccc(NC(=O)c2cccnc2)cn1,0.0,-1.641,0.1624,0,0
COc1cc(NC(=O)c2c(F)cccc2F)nc(OC)n1,0.0,-1.334,0.2085,0,0
O=C(Nc1cnn(Cc2ccc(Cl)cc2)c1)c1ccc([N+](=O)[O-])cc1,0.0,3.385,0.967,1,1
COc1ccc2c(c1)-c1nc(NC(=O)c3cccs3)sc1CC2,1.0,2.18,0.8984,0,0
CCOc1ccc2nc(NC(=O)c3ccc(S(=O)(=O)N4CCOCC4)cc3)sc2c1,0.0,-1.345,0.2068,0,0
CCN(CC)S(=O)(=O)c1ccc(C(=O)Nc2ncn(Cc3ccccc3)n2)cc1,0.0,1.246,0.777,0,0
COc1ccc(Cc2nnc(NC(=O)c3ccco3)s2)cc1,0.0,0.2566,0.564,0,0
CCn1c(-c2nonc2NC(=O)c2ccccc2)nc2ccccc21,0.0,2.846,0.945,0,0
CC(C)=CC1C(COC(=O)c2cc3c(cc2Cl)OCO3)C1(C)C,0.0,4.086,0.984,1,1
COC(=O)C1=C(C)NC(C)=C(C(=O)OCCSc2ccccc2)C1C,1.0,3.463,0.9697,1,1
COc1cc(-c2nnc(COC(=O)c3c4c(nc5ccccc35)CCCC4)o2)cc(OC)c1OC,0.0,0.4792,0.6177,0,0
COC(=O)C(Cc1ccc(OC(=O)c2ccc(C(F)(F)F)cc2)cc1)N1Cc2ccccc2C1=O,0.0,-1.658,0.16,0,0
O=C(Oc1ccccc1)N1CCC2(CCCN(Cc3nccs3)C2)CC1,1.0,3.201,0.9604,1,1
Cc1ccc(OC(=O)c2ccc(N3CCOCC3)c([N+](=O)[O-])c2)cc1,0.0,-1.083,0.253,0,0
CCOC(=O)C1CCCN(C(=O)c2cc3nc(-c4ccc5c(c4)OCO5)cc(C(F)(F)F)n3n2)C1,0.0,-0.2595,0.4353,0,0
COc1ccc(S(=O)(=O)NCc2ccc(C(=O)N3CCN(c4ccccn4)CC3)cc2)cc1,0.0,1.325,0.79,0,0
O=C(c1ccc2nc(-c3ccco3)c(-c3ccco3)nc2c1)N1CCN(c2ncccn2)CC1,0.0,-0.0398,0.49,0,0
Cn1cccc1C(=O)N1CCCC2(CCN(c3ccncc3)C2)C1,0.0,2.518,0.925,0,0
O=C(c1ccccc1)C1OC1c1ccc(-c2ccccc2)cc1,0.0,-1.384,0.2003,0,0
CC(C)Cc1nc(N2CCN(C(=O)c3ccccc3)CC2)c(C#N)c2c1CCC2,0.0,-1.21,0.2299,0,0
CN(CCOc1ccc(CC(Nc2ccccc2C(=O)c2ccccc2)C(=O)O)cc1)c1ccccn1,1.0,3.783,0.978,1,1
O=C(c1ccco1)N1CCC2(CCCN(c3ncccn3)C2)CC1,0.0,2.129,0.8936,0,0
COc1ccccc1OCCn1cc(C(=O)c2ccco2)c2ccccc21,0.0,3.904,0.98,1,1
O=C(c1ccncc1)N1CCC2(CCCN(Cc3ccncc3)C2)CC1,1.0,3.934,0.981,1,1
CCc1ccc(N(C(=O)c2snc(C(N)=O)c2N)C(C(=O)NCCC(C)C)c2c[nH]c3ccccc23)cc1,0.0,2.729,0.9385,0,0
CC(C)CN1CC2(CCN(C(=O)c3cnccn3)CC2)C1,0.0,2.11,0.892,0,0
Cc1ncsc1C(=O)N1N=C2C(=Cc3ccccc3)CCCC2C1c1ccccc1,0.0,-1.592,0.1691,0,0
Cc1noc(C)c1C(=O)N1CCC2(CCN(Cc3nccs3)CC2)CC1,0.0,1.584,0.8296,0,0
O=C(c1csnn1)N1CCC2(CCCN(c3cccc(-c4ccccc4)c3)C2)CC1,0.0,3.002,0.9526,1,0
COC(=O)c1ccccc1NC=C1CCc2c(c(C)nn2-c2ccccn2)C1=O,0.0,1.669,0.8413,0,0
O=C1C(=O)N(Cc2ccc(Cl)c(Cl)c2)c2ccccc21,1.0,0.8306,0.697,0,0
COc1ccc(CCN2C(=O)C(Oc3ccccc3C)C2c2ccc3c(c2)OCO3)cc1OC,1.0,3.607,0.973,1,1
O=C1C2=CCC3C(=O)N(C4CCCCC4)C(=O)C3C2C(O)C2OC12,0.0,-1.269,0.2196,0,0
Cc1ccc(-c2ccc(C=NN3C(=O)C4C5C=CC(C6CC56)C4C3=O)o2)c([N+](=O)[O-])c1,0.0,-0.7964,0.3108,0,0
CC(=O)OCC1OC(ON=C2CC(O)C(O)C3C2CCC2C(=O)N(c4cccc(Oc5ccccc5)c4)C(=O)C23)C(OC(C)=O)C(OC(C)=O)C1OC(C)=O,0.0,3.387,0.967,1,1
COc1ccccc1CC1C(=O)C2CCN1CC2,1.0,4.3,0.9863,1,1
CN(C)CCN1C(=O)C(O)=C(C(=O)c2cc3ccccc3o2)C1c1ccccn1,0.0,-1.151,0.2401,0,0
O=C(O)CC1OCC=C2CN3CCC45C6=CC(=O)C(=O)C([N+](=O)[O-])=C6NC4C1C2CC35,1.0,-0.819,0.3062,0,0
O=C1C=CC(O)C2C1CCC1C(=O)N(c3cccc(Oc4ccccc4)c3)C(=O)C12,0.0,-0.9,0.289,0,0
COc1ccc(NC(=O)C2CC(=O)NC3=C2C(=O)CC(C)(C)C3)cc1,0.0,-0.7803,0.3142,0,0
O=C1CC(c2ccc3c(c2)OCO3)CN1,0.0,1.043,0.7393,0,0
CC(C)C1C(=O)N(S(C)(=O)=O)C2CCN(C(=O)C=CCN3CCCCC3)C12,0.0,-0.02057,0.495,0,0
O=C1CC2OCC=C3CN4CCC56c7ccccc7N1C5C2C3CC46,0.0,0.1466,0.5366,0,0
CC1COC(=O)CC=CC(C)C2C=CC(O)C(COC1=O)O2,0.0,-1.538,0.1768,0,0
COC1COC(=O)C(C)COC(=O)C(C)NC(=O)CC=CC1C,0.0,-1.557,0.1742,0,0
COc1ccccc1N1CCN(CCCCN2C(=O)CCC2=O)CC1,0.0,1.93,0.873,0,0
CC12CCC3C(=CCc4cc(O)ccc43)C1CCC2=O,0.0,-0.6733,0.3376,0,0
CCCCN1C(=O)C(NC(=O)C2CC2)(C(F)(F)F)C2=C1CC(C)(C)CC2=O,0.0,-1.26,0.2211,0,0
N#CC1=C(N)OC2=C(C(=O)CCC2)C12CCC1(CC2)OCCO1,0.0,-1.176,0.2357,0,0
O=C1CCCC=C1C(O)c1ccc([N+](=O)[O-])cc1,0.0,-0.959,0.277,0,0
CC1(C)CC(=O)c2cn3ncnc3nc2C1,0.0,-1.62,0.1652,0,0
COC1COC(=O)C(C)NC(=O)C(C)COC(=O)CCCC1C,0.0,-1.613,0.1661,0,0
COC(=O)CC1C(=O)NCCN1C(=O)Nc1ccc(Cl)cc1,0.0,-1.324,0.2102,0,0
CC1(CCC#N)N=C(SCCC#N)N(c2ccccc2)C1=O,0.0,0.5566,0.6357,0,0
O=C1N=C(N2CCOCC2)SC1=Cc1cccs1,0.0,-1.404,0.197,0,0
Cc1cc(N2CCOCC2)ccc1C=C1SC(=O)N(C(C)C)C1=O,0.0,-1.296,0.2147,0,0
O=C1NC(=O)C(c2ccccc2[N+](=O)[O-])=C1Nc1ccc(O)c(Cl)c1,0.0,2.643,0.9336,0,0
NC(=O)CN1C(=O)C2C3c4ccccc4C(c4ccccc43)C2C1=O,0.0,3.8,0.978,1,1
Cc1ccc2c(c1)SC1=NC(c3ccccc3)(C(F)(F)F)NC(=O)N12,0.0,-1.415,0.1954,0,0
COC(=O)C1=C(C)NC(=O)NC1c1ccsc1,0.0,-0.922,0.2847,0,0
CCOC(=O)CC1NC(=O)c2ccccc21,0.0,-1.333,0.2086,0,0
NS(=O)(=O)c1ccc(N=C2C(=O)Nc3ccccc32)cc1,0.0,-1.233,0.2256,0,0
COc1ccc2c(c1OC)C(=O)OC2Nc1ncccc1C,0.0,0.05722,0.514,0,0
COc1cc(CC2C(=O)OCC2Cc2ccc(OC)c(OC)c2)ccc1O,0.0,-1.25,0.2227,0,0
O=C1OCC(CO)(CO)N=C1NNc1ccc(Cl)c(Cl)c1,1.0,-1.177,0.2357,0,0
COc1cc2c(cc1OC)C1C(=O)c3ccc4c(c3OC1CO2)C=CC(C)(C)O4,1.0,-0.226,0.4436,0,0
COc1ccc(NC2(c3ccc(Cl)cc3)C(=O)c3ccccc3C2=O)cc1,0.0,2.084,0.8896,0,0
O=C(O)C(Cc1c[nH]c2ccccc12)N1C(=O)c2ccccc2C1=O,0.0,-1.554,0.1746,0,0
O=C1c2ccccc2C(=O)c2c(NC3CCCCC3)ccc(Nc3ccc(S(=O)(=O)O)cc3)c21,0.0,-1.179,0.2354,0,0
O=C1c2ccccc2CCCC12N=NCC2c1cccc2ccccc12,0.0,-0.9385,0.2812,0,0
CC1c2ccccc2Cn2cc3c(c21)C(=O)c1cccc(OP(=O)(O)OCc2ccccc2)c1C3=O,0.0,-0.4973,0.3782,0,0
CCCCC1CC1C1N(P(=O)(c2ccccc2)c2ccccc2)CC(O)(c2ccccc2)CC12CC2,1.0,1.347,0.794,0,0
Cc1ccc(S(=O)(=O)N=C(c2ccc(Cl)cc2)N2CCOCC2)cc1,0.0,-0.08124,0.4795,0,0
COC(=O)CC=CC(C)C(C=NOC(C)CN1CCCCc2nc(C)c(C)cc21)NS(=O)(=O)c1ccc(C)cc1,0.0,3.912,0.981,1,1
CCCC=C(CCC)C(NS(=O)(=O)c1cccs1)c1ccc(C(=O)OC)cc1,1.0,1.438,0.808,0,0
CCC(=O)Nc1ccc(C(C)=NNS(=O)(=O)c2ccc(C)cc2)cc1,0.0,1.134,0.7563,0,0
Cc1ccc(S(=O)(=O)OC2C(C3COC(C)(C)O3)OC3OC(C)(C)OC32)cc1,0.0,-1.159,0.2388,0,0
COc1cc(NC(=S)Nc2ccc(S(=O)(=O)N3CCOCC3)cc2)cc(OC)c1OC,0.0,1.17,0.763,0,0
Cc1ccc(S(=O)(=O)N2CCC(C(=O)O)(c3ccccc3)CC2)cc1,0.0,-1.345,0.2068,0,0
O=S(=O)(c1ccccc1)N1CCC2(CCN(c3cccc(-c4ccccc4)c3)CC2)CC1,0.0,1.585,0.8296,0,0
CN(C)c1ncc(S(=O)(=O)c2ccccc2)c(-c2ccc(Cl)cc2Cl)n1,0.0,-0.792,0.3118,0,0
Cc1nn(S(=O)(=O)c2cccs2)c(C)c1Sc1ccc([N+](=O)[O-])cc1,1.0,2.326,0.911,0,0
CCC(=O)N(c1ccc(F)cc1)C1C=CS(=O)(=O)C1,0.0,-1.238,0.2247,0,0
CC1=C[N+](=O)c2ccccc2[N+]1=O,0.0,-1.237,0.225,0,0
O=[n+]1c2c(n([O-])c3cc(F)c(F)cc31)CCCC2,0.0,-0.907,0.2876,0,0
Cn1c(=O)[nH]c(=O)c2c1nc(CN1CCOCC1)n2CCCO,0.0,-0.5293,0.3708,0,0
Cn1c(=O)[nH]c(=O)c2c1nc(CN(Cc1ccccc1)Cc1ccccc1)n2CCN1CCOCC1,0.0,3.906,0.98,1,1
O=c1[nH]c(=O)n(CCc2ccc(F)cc2)c(O)c1C=NCCCN1CCOCC1,0.0,1.833,0.862,0,0
C=CCn1c(SCc2ccc3c(c2)OCO3)nc2scc(-c3ccco3)c2c1=O,0.0,2.549,0.9277,0,0
CCCN(CCC)CCNC(=O)C1CCCN(S(=O)(=O)c2ccc3c(c2)oc(=O)n3C)C1,0.0,3.709,0.976,1,1
CCC(c1nnnn1CC1CCCO1)N(CCN1CCOCC1)Cc1cc2cc(C)ccc2[nH]c1=O,0.0,3.256,0.9634,1,1
C=CCn1c(O)c(C(C)=NCCCN2CCOCC2)c(=O)[nH]c1=O,0.0,0.4504,0.611,0,0
Nc1nc2c(c(=O)[nH]1)CN(CCCN1CCOCC1)CN2,0.0,0.1735,0.5435,0,0
Nc1nc2n[nH]nc2c(=O)[nH]1,0.0,-0.708,0.33,0,0
O=c1c(-c2ccccc2)c(O)c2cccc3c2n1CCC3,0.0,-1.004,0.2683,0,0
C=CCn1c(-c2cccn(Cc3ccccc3)c2=O)n[nH]c1=S,0.0,-0.552,0.3655,0,0
Cc1ccc(S(=O)(=O)N=C(Nc2c(C)n(C)n(-c3ccccc3)c2=O)c2ccc(Cl)cc2)cc1,0.0,-0.506,0.3762,0,0
COCCNC(=O)CSc1nc2ccc(N3CCOCC3)cc2c(=O)n1Cc1ccc(OC)cc1,0.0,0.592,0.644,0,0
O=c1c2ccccc2c2ccccc2c(=O)n1-c1cc2c3ccccc3ccc2c2ccccc12,0.0,-1.059,0.2576,0,0
O=c1c2ccccc2nnn1CSc1nnc(COc2ccc(Cl)cc2)n1Cc1ccco1,0.0,2.748,0.9395,0,0
O=c1c[n+](CC[n+]2cc(=O)o[nH]2)[nH]o1,0.0,0.636,0.654,0,0
N#Cc1c(-c2ccc(Cl)cc2)nc2n(c1=O)CCCS2,0.0,-1.135,0.2433,0,0
O=c1cc(N=Nc2ccc(O)cc2)[nH]c(=O)[nH]1,0.0,0.334,0.5825,0,0
CCn1cc(C(=O)O)c(=O)c2cnc(N3CCCC3)nc21,0.0,-0.3481,0.4138,0,0
O=c1ccc2c(OCCCCc3ccccc3)c3ccoc3cc2o1,1.0,-1.441,0.1913,0,0
O=c1ccn(-c2cccc(C(F)(F)F)c2)nc1-c1ccn(-c2ccccc2F)n1,0.0,-0.78,0.3142,0,0
Cc1cc(=O)[nH]c(-n2nc(C)cc2C)n1,0.0,-1.337,0.2081,0,0
CN(CC(=O)O)Cc1oc(CO)cc(=O)c1O,0.0,-0.136,0.4663,0,0
CC(C)C(OCc1ccccc1)C(C)CON=C1C2CCn3c(=O)n(-c4ccccc4)c(=O)n3C2C(O)C2OC12,0.0,0.7373,0.6763,0,0
O=c1nc(N2CCOCC2)ccn1-c1nc(-c2ccccc2)oc1-c1ccccc1,0.0,-1.082,0.2532,0,0
O=c1oc2cc(N=Cc3ccc4c(c3)OCO4)ccc2c2ccccc12,0.0,1.247,0.777,0,0
S=C(NCCC(c1ccccc1)c1ccccc1)Nc1ccc(Cl)cc1,1.0,3.457,0.9697,1,1
NC(=O)C1(N2CCCCC2)CCN(C(=S)Nc2ccc(Cl)cc2)CC1,0.0,2.357,0.9136,0,0
CCOC(=O)C1=C(c2ccccc2)NC(=S)NC1c1cc([N+](=O)[O-])ccc1OC,0.0,1.751,0.852,0,0
O=C(O)c1c[nH]c(=S)n1-c1ccc(F)cc1,0.0,-1.057,0.2578,0,0
S=c1[nH]nc(CCc2ccccc2)n1Cc1ccccc1,0.0,1.06,0.7427,0,0
Cc1[nH]c(N)nc(=S)c1CCC(=O)O,0.0,-0.74,0.323,0,0
O=C(O)c1ccccc1NCn1c(=S)sc2ccccc21,0.0,-0.759,0.319,0,0
c1c[nH]c(CN2CCN(Cc3ncc[nH]3)CC2)n1,0.0,-0.562,0.363,0,0
Cc1cn2c(-c3ccncc3)nnc2s1,0.0,1.039,0.739,0,0
CSc1nc(C)cc(Nc2ccc(O)c(CN3CCOCC3)c2)n1,0.0,2.41,0.9175,0,0
CC(C)(c1ccc(OCC2CO2)cc1)c1ccc(OCC2CO2)cc1,0.0,0.3503,0.5864,0,0
NNC(=O)c1cc2c(s1)CCCCCC2,0.0,-0.531,0.3704,0,0
Cc1oc(-c2cccc(Cl)c2)[n+]([O-])c1C,0.0,-1.131,0.244,0,0
Cc1ccc(-c2cc(-c3nnc(SCC(=O)NC(C)C(C)C)n3N)c3ccccc3n2)cc1,0.0,3.143,0.959,1,1
Cc1cc(Oc2ccc(-c3ccccc3)cc2)nc(N2CCOCC2)n1,0.0,-1.208,0.23,0,0
Cc1ccc(-c2cc(N)n(-c3ccc(C)cc3)n2)cc1,0.0,2.775,0.9414,0,0
Cc1ccc(-c2nn(-c3ccccc3)cc2CSC(=N)N)cc1,1.0,3.324,0.9653,1,1
Cn1c(-c2ccccc2)cnc1N,1.0,1.248,0.777,0,0
c1ccc(-c2nc(N3CCCCCC3)nc(-n3ccnc3)n2)cc1,1.0,2.094,0.8906,0,0
COc1ccc(-c2nc(N)c3ncn(C4OC(CO)C(O)C4O)c3n2)cc1,0.0,-1.255,0.2218,0,0
COc1cc(-c2nnc(SCC3(c4ccccc4)OCCO3)o2)cc(OC)c1OC,0.0,1.99,0.88,0,0
CCOC(=O)CNC(=O)CSc1nnc(-c2ccncc2)n1-c1ccc(Cl)cc1,0.0,3.107,0.957,1,1
FC(F)(F)c1nc(-c2ccncc2)ncc1-c1nnnn1-c1ccccc1,0.0,1.26,0.7793,0,0
CC(N1CCOCC1)C(O)(c1ccccc1)c1ccccn1,0.0,1.0205,0.735,0,0
CCc1ccc(C2=Nn3c(nnc3-c3cccs3)SC2)cc1,1.0,-0.45,0.3894,0,0
Cc1ccc(C2(C)CCC(=NN=C3CCC(C)(c4ccc(C)c(C)c4)c4cc(C)c(C)cc43)c3cc(C)c(C)cc32)cc1C,0.0,-1.306,0.2134,0,0
CC1(C)C2([N+](=O)[O-])CN3CC1([N+](=O)[O-])CN(C2)C3c1ccccc1,0.0,-1.135,0.2433,0,0
CC1(C)SC2C(C(=O)O)N=C(Cc3ccccc3)N2C1C(=O)O,0.0,-1.003,0.2683,0,0
CC(CN1CCC(Cc2ccccc2)CC1)C(O)c1ccc(O)cc1,1.0,3.295,0.9644,1,1
c1ccc(CCN2CCN=C2Cc2ccccc2)cc1,1.0,3.77,0.977,1,1
COc1ccc(CCNc2ccncn2)cc1,1.0,3.33,0.9653,1,1
c1ccc(CCc2nc(-c3ccccc3)no2)cc1,0.0,-1.21,0.2299,0,0
CC(C)CCNC(=O)C12CN(Cc3ccccc3)CC1C(c1cccc([N+](=O)[O-])c1)=NO2,0.0,2.898,0.948,0,0
Clc1ccccc1CNCC1CCC(CNCc2ccccc2Cl)CC1,1.0,3.451,0.9697,1,1
O=C(O)c1nnsc1COCc1ccccc1,0.0,-1.479,0.1857,0,0
COc1cccc(CNCCc2c[nH]c3ccccc23)c1OCc1ccccc1F,1.0,4.51,0.9893,1,1
Nc1nc(SCc2ccccc2Cl)cc(C(=O)O)n1,0.0,-0.07025,0.4822,0,0
Nc1nc(SCc2ccccn2)c2ncn(C3CCCC3)c2n1,0.0,1.663,0.841,0,0
Cn1c[n+](C)cc1C(O)c1ccccc1,0.0,0.6807,0.664,0,0
Cc1nnc(-c2cnn(-c3ccccc3)c2N)n1Cc1ccccc1,0.0,1.618,0.8345,0,0
Cc1nnc(-c2cnn(-c3ccccc3)c2N)n1Cc1ccc(F)cc1,0.0,2.791,0.942,0,0
COc1ccc(Cl)cc1N=Nc1ncc[nH]1,1.0,-0.7905,0.312,0,0
NS(=O)(=O)c1ccc(NCc2cnc3ccccc3n2)cc1,0.0,0.8774,0.706,0,0
CC1(C)CC(Nc2ccc(Nc3ccccc3)cc2)CC(C)(C)N1,0.0,4.02,0.983,1,1
COc1ccc(Nc2ncnc3sc(-c4ccccc4)cc23)cc1,1.0,0.886,0.708,0,0
CC(C)(C)c1ccccc1OCCN1CCCC1,1.0,3.566,0.9727,1,1
FC(F)(F)c1cccc(Oc2nc(-c3ccccc3)nnc2C(F)(F)F)c1,0.0,-1.081,0.2534,0,0
Cc1cc(C)c(C#N)c(SCc2cc3c(cc2Cl)OCO3)n1,1.0,3.344,0.966,1,1
Cc1cccc(Sc2c([N+](=O)[O-])ncn2C)n1,0.0,-1.238,0.2247,0,0
Cc1ccc([Sb]2OC(CO)C(C(O)C(O)C(=O)O)O2)cc1,0.0,-0.352,0.4128,0,0
Nc1nc(-c2cc(-c3cccc4ccccc34)nc(N)n2)cc(-c2cccc3ccccc23)n1,0.0,-1.368,0.2029,0,0
COc1ccc2[nH]cc(CCNc3ncncc3-c3ccc4c(c3)OCO4)c2c1,1.0,7.098,0.999,1,1
Cc1noc(C)c1-c1nc(N2CCOCC2)c2ccccc2n1,0.0,1.47,0.8125,0,0
Brc1ccc2ncnc(Nc3cccc4ccccc34)c2c1,1.0,3.506,0.9707,1,1
Oc1cc2c(cc1O)C1c3ccccc3CNC1CC2,1.0,2.738,0.9395,0,0
CCC1(O)c2ccccc2-c2ncccc21,0.0,-1.209,0.2299,0,0
Clc1ccc2c(c1)N(CCCN1CCCC13CCCCC3)c1ccccc1S2,1.0,4.15,0.9844,1,1
CCOC(=O)c1c(C)oc2c1cc(O)c1ccccc12,0.0,-1.195,0.2323,0,0
CCc1cccc2c3c([nH]c12)C(CC)(CC(=O)O)OCC3,0.0,-1.343,0.2072,0,0
C=CCN1CCN(c2nc3ccccc3nc2C#N)CC1,1.0,0.0006347,0.5,0,0
Fc1ccc2nc(Nc3nc4c(s3)CCCC4)sc2c1,0.0,-0.722,0.327,0,0
Cc1noc(C)c1-c1cncnc1-n1ccnc1,0.0,2.31,0.909,0,0
COc1ccc2c(C)cc(C)nc2n1,0.0,-1.188,0.2335,0,0
c1cncc(-c2cncnc2NC2CCNCC2)c1,0.0,0.5264,0.6284,0,0
c1cncc(-c2nccc(-n3ccnc3)n2)c1,1.0,3.662,0.975,1,1
c1cncc(CNc2ccnc(-c3ccc4c(c3)OCO4)n2)c1,1.0,5.527,0.996,1,1
CC(C)(C)c1cc(C(=O)O)c(CN2CCCCC2)o1,0.0,0.373,0.5923,0,0
CCCSc1nc(NCc2ccco2)c2c3c(sc2n1)COC(C)(C)C3,1.0,3.996,0.982,1,1
CC(C)c1ccc2c(c1)C(c1ccc(N3CCOCC3)cc1)=NNC(c1cccs1)=N2,1.0,-0.3633,0.4102,0,0
Cc1c(-c2nc(N)nc(C3CC3)c2C)nc(N)nc1C1CC1,0.0,-1.427,0.1936,0,0
CSc1nc(NC2CCCC2)c([N+](=O)[O-])c(NC2CCCC2)n1,0.0,2.73,0.9385,0,0
Cc1noc(C)c1-c1cncnc1NCCN1CCOCC1,0.0,0.287,0.5713,0,0
[N-]=[N+]=NCC1OC(n2cnc3c(N)ncnc32)C2OC12,0.0,-0.5425,0.3674,0,0
Cn1nc(C(F)(F)F)c2cc(-c3nnc(C(C)(C)C)o3)sc21,0.0,0.848,0.7,0,0
O=C(O)c1nnsc1-c1csnn1,0.0,-1.455,0.1892,0,0
CC[n+]1c(C=CN(C)c2ccccc2)sc2ccc(Cl)cc21,1.0,4.293,0.9863,1,1
CCCCc1ccc(-c2csc(C(C#N)=Cc3ccc(C)o3)n2)cc1,0.0,-0.149,0.463,0,0
NC(=NCCCCCCN=C(N)N=C(N)Nc1ccc(Cl)cc1)N=C(N)Nc1ccc(Cl)cc1,1.0,4.246,0.9854,1,1
C(=Nn1cnnc1)c1cccn1-c1ccccc1,0.0,-0.378,0.4067,0,0
CC(CCN1CCCc2nc(C)c(C)cc21)=NOC(C)c1cn(C2COCC2O)nn1,0.0,0.7314,0.675,0,0
C(CCc1nnc2c(n1)CCCC2)Cc1nnc2c(n1)CCCC2,0.0,-0.9106,0.2869,0,0
Cc1c(C(C)C2NCC(C)CC2O)ccc2c1CC1C2CC=C2CC(O)CCC21C,0.0,3.285,0.9644,1,1
CC(=O)OCC1OC(CCON=C(C)CCN2CCCc3nc(C)c(C)cc32)C=CC1OC(C)=O,0.0,3.225,0.9614,1,1
COc1ccc(OC2C=CC(c3ccccc3)OC2CON=C(C)CCN2CCCc3nc(C)c(C)cc32)cc1,1.0,1.7,0.8457,0,0
COc1cccc(-c2[nH]nc3c2C(c2ccc(C)o2)C(C#N)=C(N)O3)c1,0.0,2.043,0.8853,0,0
Fc1ccc2c(c1)C1C=CCC1C(c1cc3c(cc1Br)OCO3)N2,0.0,5.1,0.994,1,1
CC(C)Oc1cc(O)c2c(c1)OCC=C2CCC(=O)O,1.0,-0.6997,0.3318,0,0
OCCN(C=NC1=NN(c2cccc(C(F)(F)F)c2)CC1)CCO,0.0,-0.792,0.3118,0,0
NC(=O)CN1CCOCCOCCOCCOCCOCC1,0.0,-1.493,0.1835,0,0
CCCCN=C1NC(=Cc2ccco2)C(=O)N1c1ccccc1,0.0,1.2295,0.7734,0,0
CC1Cc2ccccc2N1C(=O)C1CCCCN1S(=O)(=O)c1ccccc1,0.0,3.719,0.976,1,1
CCCS(=O)(=O)N1CCC(C(=O)N2CCN(Cc3ccccc3)CC2)CC1,0.0,1.796,0.8574,0,0
N#CC(C(=O)Oc1ccccc1)=C1Nc2ccccc2-c2ccccc21,0.0,-1.245,0.2236,0,0
O=C(C=Cc1cc2c(cc1Br)OCO2)NCc1ccc(Cl)cc1,0.0,5.574,0.996,1,1
N#CC(=Cc1cn[nH]c1-c1ccccc1)C(=O)NC1CCCCCC1,1.0,1.051,0.7407,0,0
Cc1nnc(NC(=O)CCC(=O)NCc2cccs2)s1,0.0,0.2266,0.5566,0,0
COc1ccc(OC2C=CC(c3ccccc3)OC2CON=C(C)CCC(=O)OCC2OC(C#Cc3ccccc3)C=CC2Oc2ccc(C)cc2)cc1,0.0,-0.3232,0.4197,0,0
COc1ccc(OC2C=CC(c3ccccc3)OC2COC(=O)CCC(C)=NOC(C)c2cc(-c3c(C)cc(C)cc3C)no2)cc1,0.0,-0.715,0.3286,0,0
Cc1ccc2c(c1)N(CCC(=O)N1CCC3(CC1)OCCO3)C(=O)C(C)O2,0.0,-1.276,0.218,0,0
COC(=O)c1[nH]c2cc(OC)ccc2c1NC(=O)CCN1CCSCC1,0.0,3.635,0.974,1,1
CC(=O)Nc1ccc(S(=O)(=O)NC(CC(=O)NCCCN2CCOCC2)C(C)C)cc1,0.0,3.324,0.9653,1,1
O=C(CCc1ccccc1)NCc1cccnc1,0.0,-0.2019,0.45,0,0
Cc1nc2ncnn2c(C)c1CCC(=O)NCc1ccco1,0.0,-0.1768,0.4558,0,0
CCOc1cc2[nH]c(=S)n(CCC(=O)N3CCc4ccccc4C3)c(=O)c2cc1OCC,0.0,1.258,0.779,0,0
CC(C)C(C(=O)NCC1CCCO1)N(Cc1ccco1)C(=O)CNS(=O)(=O)c1ccc(F)cc1,0.0,3.928,0.981,1,1
CCCc1nnc(NC(=O)CN2C(=O)C3C4C=CC(C4)C3C2=O)s1,0.0,1.058,0.742,0,0
C=CCn1c(C)cc(C(=O)CN2C(=O)c3ccccc3C2=O)c1C,0.0,2.412,0.9175,0,0
O=C(CN1CCN(Cc2ccccc2)CC1)c1ccc(Br)cc1,1.0,3.324,0.9653,1,1
CC(C)CC(NC(=O)N1CCCCCC1)C(=O)NC(Cc1cn(C)c2ccccc12)C(=O)NC(Cc1ccccn1)C(=O)O,0.0,2.438,0.9194,0,0
CC(NC1CCCC1)C(=O)Nc1ccccc1-c1ccccc1,1.0,0.9414,0.719,0,0
COc1ccc(OC)c(N(CC(=O)N2CCc3ccccc3C2)S(C)(=O)=O)c1,0.0,-0.279,0.4307,0,0
COc1ccc(NC(=O)COC(=O)c2c(-c3ccccc3)noc2C)cc1,0.0,-1.089,0.252,0,0
COc1ccc2c(c1)c(=O)oc1c(C)c(OCC(=O)N3CCc4ccccc4C3)ccc12,0.0,-0.352,0.4128,0,0
CC(C)(C)c1ccc(OCC(=O)NN=Cc2cc(Br)ccc2OC(=O)c2ccco2)cc1,0.0,-1.15,0.2404,0,0
O=C(COc1ccc([N+](=O)[O-])cc1)Nc1ccc(C(=O)NCc2cccnc2)cc1,1.0,3.023,0.9536,1,0
CC(=NNC(=O)c1ccc(C)s1)c1cccc(NC(=O)COc2ccc(Cl)cc2C)c1,0.0,-0.406,0.4,0,0
COCc1cc(C)nc(OCC(=O)NN=Cc2ccc(-c3cccc([N+](=O)[O-])c3)o2)c1C#N,0.0,2.184,0.899,0,0
Cn1c(=O)cc(SCC(=O)NCCN2CCN(c3ccccc3F)CC2)c2cc(Cl)ccc21,1.0,2.734,0.9395,0,0
O=C(CSc1cccc2cccnc12)OCC(=O)c1ccccc1,0.0,2.748,0.9395,0,0
CCOc1ccc(-n2c(SCC(=O)Nc3ccccc3C)n[nH]c2=O)cc1,0.0,0.3235,0.58,0,0
Cc1ccc(S(=O)(=O)NC(=O)CSc2nc3ccccc3s2)cc1,0.0,1.044,0.7397,0,0
CC(Cc1ccccc1)NC(=O)CSc1nc2nc3c(cc2c(=O)n1-c1ccccc1)COC(C)(C)C3,0.0,4.22,0.9854,1,1
Cc1ccc(-c2csc3ncnc(SCC(=O)c4ccc5c(c4)OCCO5)c23)cc1,0.0,0.1584,0.5396,0,0
COc1cccc(OCc2nnc(SCC(=O)NCc3ccco3)n2C)c1,0.0,3.152,0.959,1,1
COc1ccc(OC)c(C(=O)CSc2nnc(Cc3cccs3)n2CCc2ccccc2)c1,1.0,2.773,0.9414,0,0
O=C(CSc1nnc2sc3ccccc3n12)NCc1ccco1,0.0,2.639,0.9336,0,0
CC(=O)c1ccc(-n2nnnc2SCC(=O)Nc2cccc(NC(=O)c3ccco3)c2)cc1,0.0,2.334,0.9116,0,0
O=C(Cc1c[nH]c2ccccc12)OCC(=O)c1ccccc1,0.0,1.441,0.809,0,0
O=C(Cc1cccc2ccccc12)NN=Cc1ccc(Sc2nc3ccccc3s2)o1,0.0,1.873,0.867,0,0
O=C(Cc1ccc(Cl)cc1)NNC(=O)Nc1cccc2ccccc12,0.0,2.988,0.9517,1,0
CCOC(=O)c1cc2sc(C)cc2n1CC(=O)N1CCN(C(=O)c2ccco2)CC1,0.0,-0.913,0.2864,0,0
O=C(Cn1cnc2sc3c(c2c1=O)CCCC3)NCCC(=O)N1CCC2(CC1)OCCO2,0.0,3.367,0.967,1,1
O=C(Cn1nnc(-c2ccccc2)n1)OCc1ccccc1,0.0,-1.256,0.2217,0,0
COc1ccc(C2(C(=O)N3CCOCC3)CCCC2)cc1,0.0,-1.321,0.2106,0,0
CN(C(=S)NC(=O)c1ccccc1Br)C1CCCCC1,0.0,-1.416,0.1953,0,0
COc1ccc(-n2nc3cc(C)c(NC(=S)NC(=O)c4ccccc4C)cc3n2)cc1,0.0,-1.5625,0.1733,0,0
COc1ccc(C(=O)NC2CC3CCCC(C2)N3CC(C)C)cc1OC,1.0,2.06,0.887,0,0
COc1ccc(C(C(=O)NC2CCCCC2)N(C(=O)Cc2c[nH]c3ccccc23)c2ccc(NC(C)=O)cc2)cc1OC,0.0,2.686,0.936,0,0
Cc1cccc(-n2cnc(C(=O)NC3CCCCCC3)c2)n1,0.0,2.168,0.8975,0,0
Cc1ccc(NC(=O)NC=Cc2ccco2)cc1C,0.0,-1.151,0.2401,0,0
CCCCCOc1ccc(C(=O)NCC2(c3ccccc3)CCOCC2)cc1,1.0,2.28,0.907,0,0
CCOC(=O)C1=NOC(CNC(=O)C2=NOC(CNC(=O)c3c(-c4ccccc4Cl)noc3C)C2)C1,0.0,-1.384,0.2003,0,0
COc1cc(Br)cc2cc(C(=O)NCC3CCCO3)c(=O)oc12,0.0,1.998,0.8804,0,0
Cc1ccc(OCC(O)CNC(=O)c2ccccc2C(=O)O)cc1,0.0,-1.455,0.1892,0,0
CC(C)N(CCNC(=O)C1CCC(=O)N1Cc1ccc(F)cc1)Cc1ccccc1,1.0,3.277,0.9634,1,1
Cc1ccc2cc(CCNC(=O)c3ccc(Br)o3)c(=O)[nH]c2c1,0.0,3.379,0.967,1,1
COc1ccc2cc3cc(C(=O)NCCc4ccc(OC)c(OC)c4)oc3nc2c1,0.0,1.67,0.8413,0,0
Cc1c(NC(=O)NC(C)N2C(=O)C3C4C=CC(C4)C3C2=O)c(=O)n(-c2ccccc2)n1C,0.0,0.5156,0.626,0,0
CCc1ccc(N(C(=O)c2csnn2)C(C(=O)NCc2ccccc2)c2ccco2)cc1,0.0,-1.023,0.2644,0,0
Cc1ccc(Cn2cccc(NC(=O)NCc3ccccc3)c2=O)cc1,0.0,-0.2482,0.4385,0,0
Cc1occc1C(=O)NCc1ccccc1,0.0,-1.251,0.2227,0,0
O=C(O)C1C2C=CC(O2)C1C(=O)NCc1ccncc1,0.0,-0.949,0.279,0,0
O=C(NN=C1c2ccccc2-c2ccccc21)c1ccccn1,0.0,-1.122,0.2457,0,0
COc1cc(C=NNC(=O)c2cccc([N+](=O)[O-])c2)ccc1OCc1ccc(C)cc1,0.0,-1.425,0.194,0,0
O=C(NN=Cc1ccc(O)cc1)c1ccc(COc2cc(Cl)ccc2Cl)o1,0.0,-0.9844,0.272,0,0
COc1cc(C(=O)Oc2ccccc2C=NNC(=O)c2ccc(C)cc2)cc(OC)c1OC,0.0,-0.9614,0.2766,0,0
O=C(NN=Cc1ccncc1)c1cc2c(ccc3ccccc32)o1,0.0,0.9956,0.7305,0,0
O=C(NNC(=S)NCc1ccco1)c1ccc(Cl)s1,0.0,1.963,0.877,0,0
Cc1nn(-c2ccccc2)c(Cl)c1C(=O)Nc1c(C)n(C)n(-c2ccccc2)c1=O,0.0,-0.62,0.3496,0,0
O=C(Nc1ccc(-c2cc3ccccc3oc2=O)c(Cl)c1)c1cccnc1,0.0,0.779,0.6855,0,0
O=C(Nc1ccc2c(c1)nc1n2CCN(C2CCCCC2)C1)NC1CCCCC1,1.0,3.912,0.981,1,1
O=C(Nc1cccc(-c2cn3cccnc3n2)c1)c1ccco1,0.0,3.59,0.973,1,1
O=C(Nc1cccc(OC(=O)c2cccnc2)c1)c1cccnc1,0.0,3.746,0.977,1,1
CCCC[P+](CCCC)(CCCC)Cc1ccc(NC(=O)C(Cc2ccc3ccccc3c2)NC(=NC2CCCCC2)NC2CCCCC2)cc1,0.0,1.69,0.844,0,0
COc1cc(C)nc(N2CCCC(C(=O)Nc3cc(Cl)ccc3OC)C2)n1,0.0,0.9326,0.718,0,0
Cc1cc2nc(SCCOC(=O)Nc3ccc(Cl)cc3)nc(C)c2cc1C,1.0,3.596,0.973,1,1
COc1ccc2cc(C(=O)Nc3ccc(F)cc3)sc(=O)c2c1OC,0.0,-1.514,0.1804,0,0
CSc1nsc(SC)c1C(=O)Nc1ccc(C)cc1,1.0,1.799,0.8574,0,0
O=C(Nc1ccccc1C(=O)NCC1CCCO1)c1ccc(Cl)cc1Cl,0.0,2.303,0.909,0,0
COc1ccc(N2C(=O)CCC(C(=O)Nc3ccccn3)C2c2ccc(OC)c(OC)c2)cc1,0.0,-0.89,0.291,0,0
COc1cccc(C2=NOC(C(=O)Nc3cccnc3)C2)c1,1.0,1.13,0.756,0,0
COc1cc2cc3c(N)c(C(=O)Nc4sc(C)c(C)c4C#N)sc3nc2cc1OC,0.0,1.014,0.7334,0,0
O=C(Nc1ncc(Cc2cc(Cl)ccc2Cl)s1)c1ccc([N+](=O)[O-])cc1,0.0,3.475,0.9697,1,1
O=C(Nc1nnc(SCc2c(Cl)cccc2Cl)s1)C1CCCO1,0.0,1.153,0.7603,0,0
CCCn1nnnc1NC(=O)c1ccc(C)cc1Cl,0.0,-1.1875,0.2335,0,0
CC(C)c1cc(F)cc2c1CC(CCN(C)CCCc1nc3ccccc3[nH]1)(OC(=O)C1CC1)CC2,1.0,3.95,0.981,1,1
O=C(OCC(=O)c1cccs1)c1cccc(C(=O)OCC(=O)c2cccs2)n1,1.0,1.171,0.763,0,0
O=C(OCc1ccc(C(=O)c2ccccc2)cc1)c1cccc(-c2nnc(-c3ccccc3)o2)c1,0.0,-1.388,0.1998,0,0
Cc1ccc(C(=O)ON=Cc2c(Cl)n(C)c3ccccc23)cc1,0.0,0.5596,0.636,0,0
O=C(Oc1ccc(OC(=O)c2ccco2)c(S(=O)(=O)c2ccc(Br)cc2)c1)c1ccco1,0.0,-1.089,0.252,0,0
O=C(Oc1ccccc1)N1CCC2(CC1)CCN(C(c1ccccc1)c1ccccc1)CC2,0.0,1.457,0.8115,0,0
O=C(Oc1ccccc1)N1CCC2(CCN(Cc3nccs3)CC2)CC1,0.0,2.99,0.9526,1,0
O=C(c1cc(-c2cccs2)on1)N1CCN(c2ccc(F)cc2)CC1,0.0,1.477,0.814,0,0
COC(=O)C1CCC(C)C(c2ccc(C)cc2)N1C(=O)c1ccc(C=NOCCC2C=CC(OC(C)=O)C(COC(C)=O)O2)cc1,0.0,2.363,0.914,0,0
Cc1ccc(C)c(N2CCN(C(=O)c3ccc4nc(-c5ccco5)c(-c5ccco5)nc4c3)CC2)c1,1.0,-0.594,0.3555,0,0
Cn1cccc1C(=O)N1CCC2(CCCN(c3ccccc3)C2)CC1,0.0,0.0647,0.516,0,0
O=C(c1ccc(Cl)cc1)N1CCN(C(=O)c2ccco2)CC1,0.0,-1.169,0.237,0,0
CCOC(=O)Cn1cc(C(=O)c2ccccc2F)c2ccccc21,0.0,-0.3245,0.4197,0,0
CN1CCN(c2ccc([N+](=O)[O-])cc2C(=O)c2ccc(Br)cc2)CC1,1.0,-1.098,0.2502,0,0
COc1ccc(CN2CCN(C(=O)c3cccs3)CC2)cc1Br,1.0,4.07,0.984,1,1
O=C(c1cnccn1)N1CCC2(CC1)CCN(c1ccccn1)CC2,0.0,-0.4226,0.3958,0,0
O=C(c1cnccn1)N1CCC2(CCCN(c3ccncc3)C2)CC1,0.0,1.76,0.8535,0,0
Cc1noc(C)c1C(=O)N1CCC2(CCN(Cc3ccncc3)CC2)CC1,0.0,1.624,0.8354,0,0
CCOC(=O)c1[nH]c(C)c(C(O)=C2C(=O)C(=O)N(CCN3CCOCC3)C2c2cccs2)c1C,0.0,-1.4795,0.1855,0,0
COc1ccc(S(=O)(=O)NC2(C(F)(F)F)N=C3SCCN3C2=O)cc1,0.0,-1.463,0.188,0,0
CCOc1ccc(C(C)=O)cc1N1C(=O)C2C3C=CC(O3)C2C1=O,0.0,-1.252,0.2222,0,0
CC1CCC2C(=O)N3C(CCC(C)C3c3ccc(Br)cc3)C(=O)N2C1c1ccc(Br)cc1,0.0,0.87,0.7046,0,0
CCCCCCCCCCCCCC(=O)OC1C(C)C2(O)C(C=C(CO)CC3(O)C(=O)C(C)=CC32)C2C(C)(C)C12OC(C)=O,0.0,2.371,0.914,0,0
CCOC(=O)CSC1=C(C#N)C(c2sccc2C)CC(=O)N1,0.0,-0.804,0.309,0,0
COC1C=CCC(=O)NC(C)C(=O)OCC(NS(=O)(=O)c2ccc(C)cc2)C(C)C=CCC(=O)OCC1C,0.0,-0.5737,0.3606,0,0
COC1COC(=O)C(CCSC)NC(=O)CC=CC(C)COC(=O)C(OCc2ccccc2)C=CC1C,0.0,-0.519,0.3733,0,0
O=C1CCC(c2ccc(-n3ccnc3)cc2)=NN1,1.0,-0.6123,0.3516,0,0
O=C(O)C1CCC(=O)N(C2CC2)C1c1ccccc1,0.0,-1.591,0.1693,0,0
CN(C)N1C(N)=C(C#N)C(c2cccnc2)C2=C1CC(C)(C)CC2=O,0.0,1.505,0.8184,0,0
COc1ccc(CCN=CC2=C(O)CC(C)(C)CC2=O)cc1,0.0,3.094,0.957,1,1
CC1(C)Oc2ccc(C#N)cc2C(N2CCCC2=O)C1O,0.0,-1.448,0.1903,0,0
COCc1c(C(=O)OCC(=O)N2c3ccccc3NC(=O)C2(C)C)oc2ccccc12,0.0,-1.192,0.2328,0,0
C=CCSC1=Nc2sccc2C2=NC(=O)CN12,0.0,0.286,0.571,0,0
CCN(CC)c1ccc(C=C2C(=O)NC(=O)N(CC3CCCO3)C2=O)cc1,0.0,-1.491,0.1837,0,0
O=C1NC(=S)NC(=O)C1=Cc1cccc2cc3ccccc3cc12,0.0,-1.298,0.2144,0,0
CCOc1ccccc1NC(=O)C1=C(C)NC(=O)NC1c1cccc(OC)c1OC,0.0,-1.191,0.2332,0,0
CCCCOc1cc(CC2CNC(=O)N2)ccc1OC,0.0,-1.27,0.2194,0,0
CC(=O)Nc1ccc(C2=NN(CC#N)C(=O)SC2)cc1,0.0,-1.213,0.2291,0,0
COc1ccc(Cl)cc1NC(=O)C12CCC(C)(C(=O)O1)C2(C)C,0.0,-0.1914,0.4524,0,0
O=C1SC(=Cc2ccc(N3CCOCC3)o2)C(=O)N1Cc1ccc(F)cc1,0.0,-1.37,0.2025,0,0
Cc1ccc(C(=O)O)cc1N1C(=O)c2cccc3cc(Br)cc(c23)C1=O,0.0,-1.125,0.2452,0,0
Nc1ccc(-c2ccc(Nc3cc(S(=O)(=O)O)c(N)c4c3C(=O)c3ccccc3C4=O)cc2)c(S(=O)(=O)O)c1,0.0,-1.307,0.213,0,0
Cc1nc(S(=O)(=O)NC2CCCCC2)c(C#N)c(C)c1Cl,0.0,2.18,0.8984,0,0
Cc1ccc(-c2nn3c(C)nnc3c3ccccc23)cc1S(=O)(=O)NCCN1CCOCC1,0.0,4.016,0.983,1,1
Cc1nc(S(=O)(=O)N(C)c2ccccc2)c(C#N)c(C)c1Cl,0.0,3.316,0.9653,1,1
CSc1nc2cc(S(=O)(=O)N3CCCCC3)ccc2s1,0.0,1.29,0.784,0,0
O=S(=O)(c1ccccc1)N1CCCC2(CCN(c3cccc(-c4ccccc4)c3)C2)C1,0.0,2.95,0.9497,0,0
Cc1cc(C)c(S(=O)(=O)N2CCN(c3ccc([N+](=O)[O-])c(NCc4ccco4)c3)CC2)c(C)c1,0.0,0.6914,0.666,0,0
Cc1nc(S(=O)(=O)c2cccc(Cl)c2)nc2c1CCC2,0.0,-1.175,0.236,0,0
COc1ccc(C=NNC(=S)NC2CCS(=O)(=O)C2)cc1OC,0.0,-1.302,0.2139,0,0
NS(=O)(=O)c1ccc(N=Nc2nc3[nH]c(=O)[nH]c(=O)c3[nH]2)cc1,0.0,-0.7393,0.3232,0,0
Cn1c(=O)[nH]c(=O)c2c1nc(NCCCO)n2CCCc1ccccc1,0.0,2.324,0.911,0,0
CC(=O)Nc1ccc(S(=O)(=O)N2CCN(c3cc4c(cc3[N+](=O)[O-])n(C)c(=O)n4C)CC2)cc1,0.0,0.02902,0.5073,0,0
CCCCN1CCC(n2c(=O)[nH]c3ccccc32)CC1,1.0,2.8,0.943,0,0
CCOC(C)=Nn1c2nc3ccccc3nc2c2c(=O)n(CC(C)C)c(C)nc21,0.0,-1.354,0.2053,0,0
CCCc1nc2sc3ccccc3c(=O)c2c(=O)n1CCOC,0.0,-0.4434,0.3909,0,0
O=c1[nH]ncc2c3ccccc3n(Cc3ccccc3)c12,0.0,1.374,0.7983,0,0
COc1ccc(Oc2ncc3nc(-c4cccc(C#N)c4)c(=O)n(Cc4cccc(OC)c4)c3n2)cc1,0.0,-0.832,0.3032,0,0
CCOC(=O)C1=C(N)n2c(sc(=Cc3ccco3)c2=O)=C(C(=O)OCC)C1c1ccco1,0.0,-0.6753,0.3374,0,0
COC(=O)c1ccc(Oc2coc3cc(OCc4cnn(-c5ccccc5)c4)ccc3c2=O)cc1,0.0,0.1797,0.545,0,0
Cc1ccc(-c2[nH]n3c(=O)c4c(nc3c2C)CCCC4)cc1,1.0,-1.117,0.2466,0,0
CC(C)c1nc2oc3ccccc3c(=O)c2c(=O)n1-c1ccccc1,0.0,-1.282,0.2172,0,0
Cc1ccc2c(C)nc(Nc3nc(CSc4nc5ccccc5[nH]4)cc(=O)[nH]3)nc2c1,1.0,2.77,0.9414,0,0
CC1C2C=CC1C(c1c3ccc(=O)c(O)c-3oc3c(O)c(O)ccc13)C2C(=O)O,0.0,-1.084,0.2527,0,0
CC(C)(C)[Si](C)(C)c1c2c(nc3ccc(OCc4ccccc4)cc13)-c1cccc(=O)n1C2,0.0,3.602,0.973,1,1
CCC(c1ccccc1)n1c(=O)n2n(c1=O)C1C(CC2)C(=NOCc2ccccc2)C2OC2C1O,0.0,-1.232,0.2257,0,0
CCc1ccc2c(c1)cc(CN(C(=S)Nc1cccc(C)c1)C1CC1)c1nnnn12,0.0,1.752,0.852,0,0
CCOC(=O)c1cc(-c2ccccc2)sc1NC(=S)Nc1cc(C)ccn1,0.0,-1.142,0.242,0,0
S=C1SCN(CCN2CCOCC2)CN1Cc1ccccc1,1.0,3.035,0.954,1,1
S=c1[nH]nc(C2CCCCC2)n1N=Cc1cccs1,1.0,2.023,0.8833,0,0
Cc1[nH]c(N)nc(=S)c1CCCNc1ccccc1,0.0,1.946,0.875,0,0
CC12CCC3c4ccc(OCC5CO5)cc4CCC3C1CCC2O,0.0,-1.364,0.2035,0,0
Cc1cc(N2CCOCC2)nc2ccc(Cc3ccc4nc(N5CCOCC5)cc(C)c4c3)cc12,0.0,0.603,0.6465,0,0
N#Cc1sc2nc(-c3cccs3)cc(-c3ccc(Cl)cc3)c2c1N,0.0,-1.014,0.2664,0,0
CCOC(=O)c1cnc2cc(-c3ccc(C(C)(C)C)cc3)nn2c1N,0.0,-0.9185,0.2852,0,0
Cc1nnc2ccc(-c3cccc(C(F)(F)F)c3)nn12,0.0,-1.246,0.2234,0,0
CCc1ccc2[nH]c(O)c(N=Nc3nc(-c4ccccc4)cs3)c2c1,0.0,-0.9507,0.2788,0,0
COc1ccc(C(Nc2ccccn2)c2cc(C(C)(C)C)cc(C(C)(C)C)c2O)cc1,0.0,4.445,0.9883,1,1
CC(=O)Oc1ccc(C(c2ccc(OC(C)=O)cc2)c2ccccn2)cc1,0.0,0.462,0.614,0,0
CC(=O)N1N=C(c2ccc3nccnc3c2)CC1c1ccccc1,0.0,0.868,0.704,0,0
c1ccc(CC(Nc2cccnc2)c2ccccc2)cc1,1.0,3.316,0.9653,1,1
CN(CCc1ccccn1)c1ccc2c(c1)Cc1ccccc1-2,1.0,3.98,0.982,1,1
Cn1c(-c2ccc3c(c2)OCO3)cnc1NCc1ccccc1,1.0,5.227,0.994,1,1
N#Cc1c(SCC(N)=O)nsc1SCc1ccccc1Cl,0.0,4.016,0.983,1,1
Cc1cccc(-c2nnc(SCc3ccccc3)o2)c1,0.0,-0.882,0.2927,0,0
CS(=O)(=O)c1ccc(Cn2c3c(c4cc(F)cc(F)c42)CCCC3CC(=O)O)cc1,0.0,1.883,0.8677,0,0
CC(C)CC(=O)N1CCC(N2CCN(c3ccccc3)CC2)CC1,0.0,1.82,0.8604,0,0
COc1cccc(N=c2oc3c(C)ncc(CO)c3cc2C(N)=O)c1,0.0,2.098,0.8906,0,0
COc1cccc(OC)c1OCCNCC1CSc2ccccc2O1,1.0,4.23,0.9854,1,1
CC(N)=C(C#N)C(=O)CSc1nnc(COc2cc(C)ccc2C)o1,0.0,-0.167,0.4583,0,0
CSc1nc(Sc2cccc(Cl)c2)c2ccccc2n1,0.0,-1.367,0.2031,0,0
c1ccc2c(CSCCc3ccncc3)cccc2c1,1.0,3.732,0.976,1,1
CCOc1ccc2nc(C)cc(Nc3ccc4c(c3)OCCO4)c2c1,1.0,3.049,0.954,1,1
CCS(=O)(=O)N1CCCC2CN3CCc4cc(OC)ccc4C3CC21,0.0,3.451,0.9697,1,1
COc1cccc2[nH]c3c(N4CC(C)CC(C)C4)ncnc3c12,1.0,2.438,0.9194,0,0
O=[N+]([O-])c1cc(Cl)cc2c1nc(NCCO)c1ccccc12,0.0,1.352,0.7944,0,0
c1ccc2cc(Sc3ncnc4c3oc3ccccc34)ccc2c1,0.0,-1.575,0.1715,0,0
CN1CCc2nc3ccc(F)cc3c(C(N)=O)c2C1,0.0,2.44,0.92,0,0
c1cncc(-c2ccc3ncnc(NC4CCNCC4)c3c2)c1,0.0,2.78,0.9414,0,0
c1cncc(CNc2cc(-c3ccoc3)ncn2)c1,0.0,4.062,0.983,1,1
CN(Cc1ccco1)c1ncncc1-c1ccc2c(c1)OCO2,1.0,4.812,0.992,1,1
CCc1sc(-c2c(C#N)c(N)nc3c2CCCCCC3)cc1[N+](=O)[O-],0.0,0.509,0.6245,0,0
O=C(O)c1cscc1Cc1cccs1,0.0,-1.412,0.1959,0,0
c1nc(NCCN2CCOCC2)c2cc(-c3ccoc3)ccc2n1,1.0,4.24,0.9854,1,1
CNc1nc(NCCOC23CC4CC(CC(C4)C2)C3)nc(OCC(F)(F)F)n1,0.0,0.1654,0.541,0,0
FC(F)(F)c1cnc(C=CNc2ccccc2Cl)c(Cl)c1,0.0,3.182,0.9604,1,1
O=[N+]([O-])c1cccc(C(=NN=Cc2ccccc2Br)C23CN4CN(CN(C4)C2)C3)c1,0.0,0.603,0.6465,0,0
COC(=O)c1c(C)[nH]c(O)c1C=Nc1ccc(C(C)C)cc1,0.0,1.399,0.802,0,0
CC(CCN1CCCc2nc(C)c(C)cc21)=NOC(C)c1cc(-c2c(C)cc(C)cc2C)no1,0.0,1.212,0.7705,0,0
CC=C1C(=O)CC2C3CCC4=CC(=O)CCC4(C)C3CCC12C,0.0,-1.116,0.2466,0,0
Cc1ccc(C(=O)Nc2ccc(C(=O)C=Cc3cccs3)cc2)cc1,0.0,-1.145,0.2415,0,0
CC(C(=O)c1ccccc1)C(c1ccccc1)N1CCOCC1,0.0,1.44,0.809,0,0
O=C(CCCn1c(=S)[nH]c2ccc(Br)cc2c1=O)NCC1CCCO1,0.0,2.627,0.9326,0,0
O=C(CCN1CCN(CC(=O)Nc2ccccc2Cl)CC1)Nc1ccccc1F,1.0,3.186,0.9604,1,1
O=C(CN1C(=O)c2ccccc2C1=O)NCC(=O)OCC(=O)c1ccc(Br)cc1,0.0,2.867,0.9463,0,0
CCc1ccc(C(=O)CN(C#N)c2nc(C)cc(C)n2)cc1,1.0,2.348,0.9126,0,0
Cc1cc(SCC(=O)c2cccs2)nc2c(C)cccc12,0.0,1.066,0.744,0,0
Cc1ccc(C(=O)CSc2ncnc3sc4c(c23)CCCC4)cc1,0.0,-1.349,0.2062,0,0
O=C(CSc1nnc2c(n1)[nH]c1ccc(F)cc12)OCc1ccccc1,0.0,0.3472,0.586,0,0
O=C(NNC(=O)C1CCN(S(=O)(=O)c2ccc(Cl)cc2)CC1)c1ccc(Cl)cc1,0.0,3.518,0.9717,1,1
CCOC(=O)c1c(NC(=O)c2ccc(S(=O)(=O)N3CCOCC3)cc2)sc2c1CCN(C)C2,0.0,-0.396,0.402,0,0
CCCC(=O)N1CCN(c2ccc(NC(=O)c3sc4ccccc4c3Cl)cc2)CC1,0.0,1.167,0.7627,0,0
Cc1ccc(NC(=O)C2CC(=O)n3c(nc4ccccc43)N2)cc1,0.0,1.73,0.849,0,0
Cc1ccc(NC(=O)c2ccc(S(=O)(=O)N3CCCCC3)cc2)cc1,0.0,2.256,0.9053,0,0
O=C(OCc1nc2ccccc2[nH]1)C12CC3CC(CC(C3)C1)C2,1.0,3.695,0.976,1,1
COC(=O)C1CCC(C)C(c2ccc(C)cc2)N1C(=O)c1ccc(C=NOC(C)CN2CCCCc3nc(C)c(C)cc32)cc1,0.0,1.986,0.88,0,0
Cc1ccccc1C(=O)N1CCc2ccccc2C1,0.0,-0.547,0.3667,0,0
O=C(c1ccco1)N1CCC2(CC1)CN(c1ccccc1)C2,0.0,-0.4468,0.3901,0,0
CCOc1ccc(N2C(=O)C3C4C=CC(CC4)C3C2=O)c([N+](=O)[O-])c1,1.0,-1.418,0.195,0,0
COC1COC(=O)CC=CC(C)C(NS(=O)(=O)c2ccc(C)cc2)COC(=O)CC=CC1C,0.0,-0.003681,0.499,0,0
COc1ccc2[nH]c3c(NCCCN4CCCC4=O)ncnc3c2c1,0.0,3.398,0.968,1,1
CCN(CC)CCN1C(=O)C(=O)C(=C(O)c2ccc(OC)cc2)C1c1cccs1,1.0,-1.085,0.2527,0,0
CCCN(CCC)CC1CCCCN1CCNC(=O)N1c2ccccc2C(=O)Nc2cccnc21,1.0,2.848,0.9453,0,0
O=C1c2ccccc2CCC1CNCCc1ccc(O)cc1,1.0,3.447,0.9688,1,1
CCOC(=O)c1c(C)n(C)c2ccc(OC)c(NS(=O)(=O)c3ccc(Cl)s3)c12,0.0,1.922,0.872,0,0
CCNC(=O)CN1c2cccc3cccc(c23)S1(=O)=O,0.0,-1.05,0.2593,0,0
Cc1ccc(-n2c(SCc3ccc([N+](=O)[O-])cc3)nc3ccccc3c2=O)cc1,0.0,0.308,0.5767,0,0
S=C(CSc1ccccc1)Nc1cccc2ccccc12,0.0,1.98,0.879,0,0
S=C1N(c2ccccc2)C(c2ccc(Cl)cc2)N2CCCN12,0.0,-0.515,0.374,0,0
CC12CCC(O)CC1CCC1C2CCC2(C)C(c3cc(C(F)(F)F)n[nH]3)CCC12,0.0,-0.937,0.2815,0,0
c1ccc(-c2csc(Nc3nc(N4CCOCC4)nc(N4CCOCC4)n3)n2)cc1,0.0,-0.006348,0.498,0,0
CC(C)(C)c1ccc(-c2c(C#N)c(N)nc3c2CCCC3)s1,0.0,0.6504,0.657,0,0
